TransactionTime,Amount,Description,TransactionId
01/01/2026,2.37,Generated transaction 1,7f258263-1d61-4018-abcc-5b5499bb034a
02/01/2026,3.74,Generated transaction 2,c1445c11-7eed-4fd2-91f6-b60ef4c69748
03/01/2026,5.11,Generated transaction 3,f52f06f1-d1dd-4539-b851-a41311f62e9a
04/01/2026,6.48,Generated transaction 4,0b913be5-0f7b-4868-be79-4d85cb009b19
05/01/2026,7.85,Generated transaction 5,7f419d3c-7c90-4995-b7de-97960e6d19da
06/01/2026,9.22,Generated transaction 6,141a7e02-26bc-41a0-a662-2531c456f8e6
07/01/2026,10.59,Generated transaction 7,f22d06bd-105a-4787-888a-4d8298617d44
08/01/2026,11.96,Generated transaction 8,022eb830-803c-4fd5-9987-3b39b95c2bf5
09/01/2026,13.33,Generated transaction 9,2cf3b383-0292-4477-9304-ea26ba14bb6f
10/01/2026,14.70,Generated transaction 10,0ebfaa51-d12b-4f4d-90d6-008ba6532d34
11/01/2026,16.07,Generated transaction 11,d930220a-d46d-4262-9118-8f14b8c64244
12/01/2026,17.44,Generated transaction 12,0871dc6f-a5bf-4fad-8396-c41b6c142384
13/01/2026,18.81,Generated transaction 13,e6a5fc48-d16c-4021-a1c7-c95b8dc7768e
14/01/2026,20.18,Generated transaction 14,937dc40c-fab0-4cda-b755-ef5ad31d185f
15/01/2026,21.55,Generated transaction 15,8e49a94e-15a1-4097-9d30-54d3f6660c89
16/01/2026,22.92,Generated transaction 16,a16ae7ac-6dfc-464f-9200-f64877f64ba8
17/01/2026,24.29,Generated transaction 17,bd830a78-8b61-4688-a2ea-4e7630f9782b
18/01/2026,25.66,Generated transaction 18,90a51311-7599-4822-a6c3-b2e8892715a3
19/01/2026,27.03,Generated transaction 19,8176a356-a329-4260-ac5f-bac6b82e7b68
20/01/2026,28.40,Generated transaction 20,de58582a-5059-4031-b66f-e348521ecdd9
21/01/2026,29.77,Generated transaction 21,f4e5b2ca-b7a5-4c15-94f6-d434673c8791
22/01/2026,31.14,Generated transaction 22,e010ca1c-d1f8-479a-9195-d167a3ac79a0
23/01/2026,32.51,Generated transaction 23,d8fe91ea-6423-40ff-b1b8-178cb1751892
24/01/2026,33.88,Generated transaction 24,c11bd6d9-b3ec-47b9-a752-02e392a71137
25/01/2026,35.25,Generated transaction 25,8f7bfb8f-4d70-4e71-afeb-bae2ce46b822
26/01/2026,36.62,Generated transaction 26,e6a04a66-e4bb-421c-b022-6ab1f437a37e
27/01/2026,37.99,Generated transaction 27,18689321-aecc-49be-be52-434f40843a7b
28/01/2026,39.36,Generated transaction 28,b22de909-0b9f-4667-892f-0c38553a1016
29/01/2026,40.73,Generated transaction 29,67b89a5e-4cdd-4239-8a8d-bcc66202ca9e
30/01/2026,42.10,Generated transaction 30,7f13557b-c15a-477b-8782-75debe88143b
31/01/2026,43.47,Generated transaction 31,1f68ffc4-d337-40f4-8867-6358283c47da
01/02/2026,44.84,Generated transaction 32,71f8468f-40bb-4dfa-9b9b-3b01ca64e461
02/02/2026,46.21,Generated transaction 33,8564b35b-25e2-4fcc-91c5-a10a987ac1d5
03/02/2026,47.58,Generated transaction 34,ad6a851a-becf-4cf7-8544-dca951f0097a
04/02/2026,48.95,Generated transaction 35,aabf1bed-5e50-496b-9cb9-6754bcc3e804
05/02/2026,50.32,Generated transaction 36,43afe691-c9b9-4b16-8e6a-44406053672e
06/02/2026,51.69,Generated transaction 37,e2e39139-e664-474b-a192-9ea44e931134
07/02/2026,53.06,Generated transaction 38,c775bb1e-d24b-4cc3-aab3-466eba24444a
08/02/2026,54.43,Generated transaction 39,af7e46fb-23dc-4302-93a4-533b3004bfdd
09/02/2026,55.80,Generated transaction 40,06db62e8-268d-436e-85e3-72530e4dcc01
10/02/2026,57.17,Generated transaction 41,d7788930-fdc9-476a-b78e-300aa0737ae7
11/02/2026,58.54,Generated transaction 42,c318be3c-f0bd-4ca1-9942-066130494c03
12/02/2026,59.91,Generated transaction 43,e251e171-9c7e-4591-806e-ce356009d397
13/02/2026,61.28,Generated transaction 44,1dbc09e8-1486-42d2-80cb-840b52086645
14/02/2026,62.65,Generated transaction 45,058303bf-636e-4750-aea2-9a996e7d6422
15/02/2026,64.02,Generated transaction 46,0940cedc-64ce-4008-8a1f-4a23e39f254b
16/02/2026,65.39,Generated transaction 47,dfa96879-6f69-4f2e-bf84-3499e14c1964
17/02/2026,66.76,Generated transaction 48,a6e077c5-e954-44be-9597-3defc2d04aec
18/02/2026,68.13,Generated transaction 49,95e5b42f-5143-40a7-8e3f-eaf7da07d426
19/02/2026,69.50,Generated transaction 50,2808d74f-cc57-4101-adcf-515c10f755df
20/02/2026,70.87,Generated transaction 51,4b46b8e4-a375-4253-aec4-e2c305622db3
21/02/2026,72.24,Generated transaction 52,0e888bc1-b966-4132-b539-7824f381658f
22/02/2026,73.61,Generated transaction 53,346cc7f1-4603-4c30-b79c-ce31ac793ea1
23/02/2026,74.98,Generated transaction 54,fc000568-a95d-4f51-bcaa-ca501f343514
24/02/2026,76.35,Generated transaction 55,5dd17166-24bb-47f4-b524-c02b51350ecb
25/02/2026,77.72,Generated transaction 56,ee148576-acaa-431d-9fe0-e6ddc026e920
26/02/2026,79.09,Generated transaction 57,4a41c500-3368-4244-8747-503ba7913bd2
27/02/2026,80.46,Generated transaction 58,de4d5751-c86c-4fc7-a684-fa1829531b9b
28/02/2026,81.83,Generated transaction 59,a7097b7a-f68c-47b5-a6e1-f61b612f3694
01/03/2026,83.20,Generated transaction 60,0de30d03-51c7-4951-8d5e-7df645480ca8
02/03/2026,84.57,Generated transaction 61,fbefebdd-d358-4b85-8c92-19f6d3564c2b
03/03/2026,85.94,Generated transaction 62,834791ed-c23e-4055-b7f9-9c9424092a6c
04/03/2026,87.31,Generated transaction 63,2ef21e98-c550-418a-bfde-a4d11ea623f3
05/03/2026,88.68,Generated transaction 64,e7643046-b61a-44eb-b6fd-834d0e824c09
06/03/2026,90.05,Generated transaction 65,5d88bb6c-ff87-4625-b737-561e4dc8cceb
07/03/2026,91.42,Generated transaction 66,3207ae82-8894-4374-abc1-c96babf06679
08/03/2026,92.79,Generated transaction 67,91d379d1-50ea-4d12-a670-93a6e3c0efcb
09/03/2026,94.16,Generated transaction 68,ae386fea-a43b-4e71-9bd7-65ff0af2a616
10/03/2026,95.53,Generated transaction 69,642c1d70-5038-4ed7-8d83-bfd3cc0e9802
11/03/2026,96.90,Generated transaction 70,a18d50d0-4e48-4b2e-ab42-303b575f8598
12/03/2026,98.27,Generated transaction 71,a8a76743-5f15-405e-955d-c8597ea2aa0f
13/03/2026,99.64,Generated transaction 72,2a6f3440-9be0-4b21-b943-f84b6aaa6116
14/03/2026,101.01,Generated transaction 73,8db6c43f-674d-450a-b5b3-a5b6ccd978c1
15/03/2026,102.38,Generated transaction 74,93751bcb-1083-4376-9f99-6b2f3791b543
16/03/2026,103.75,Generated transaction 75,a61a5ad7-2448-41a9-8715-11672fe647e9
17/03/2026,105.12,Generated transaction 76,36976e39-43a8-4bc2-ae58-3d83decf1e33
18/03/2026,106.49,Generated transaction 77,cb9438d0-1003-4d63-b329-736b68b95c62
19/03/2026,107.86,Generated transaction 78,cb3f9584-a174-440c-93fe-10c56e648b2e
20/03/2026,109.23,Generated transaction 79,a2f928ea-dd5b-4248-97a3-556e782d3ebc
21/03/2026,110.60,Generated transaction 80,8b285537-1bda-4adb-b51f-65fd54ee76af
22/03/2026,111.97,Generated transaction 81,548e9132-1d3c-4676-b9de-de8a5493dcf8
23/03/2026,113.34,Generated transaction 82,7d9911dc-b907-4679-870d-1d5d2b720b01
24/03/2026,114.71,Generated transaction 83,5f5067e9-0d8c-485e-bfea-ff91d47b3801
25/03/2026,116.08,Generated transaction 84,35394eaa-dac9-466d-8883-9f3616f8df60
26/03/2026,117.45,Generated transaction 85,2854e887-8a58-493a-aff8-910cfeb25d71
27/03/2026,118.82,Generated transaction 86,4b8eb668-570d-4bbc-b285-91ed98427bfc
28/03/2026,120.19,Generated transaction 87,395d14fa-9aa7-4f21-a688-ea7de6c72340
29/03/2026,121.56,Generated transaction 88,cdfaf5f9-c2b4-49a6-8280-b3a57358a5c5
30/03/2026,122.93,Generated transaction 89,b7b62f24-0d7b-4258-92f4-084f680df795
31/03/2026,124.30,Generated transaction 90,4fcaa4ce-72e5-4525-a83a-be1dbd633ecf
01/04/2026,125.67,Generated transaction 91,ac47a451-7a79-4016-879a-d835e8fe42cf
02/04/2026,127.04,Generated transaction 92,1ed6d124-9742-4d9c-a849-c2cba5b40037
03/04/2026,128.41,Generated transaction 93,053f9f50-fc9b-43b1-be33-f3069f4c80de
04/04/2026,129.78,Generated transaction 94,748e7ff9-9164-49ac-8d25-e39395690a1c
05/04/2026,131.15,Generated transaction 95,1c4f5765-3472-4cee-967e-7705d4943ab1
06/04/2026,132.52,Generated transaction 96,0fa87bdf-62d6-4d39-85c5-d9a1d53a157a
07/04/2026,133.89,Generated transaction 97,74b37152-a463-4919-bf3c-6273cadec2e8
08/04/2026,135.26,Generated transaction 98,0a2f7436-9372-4a0a-af5f-1c4f484a49ae
09/04/2026,136.63,Generated transaction 99,6263c00e-4959-4863-918f-48b6cd7daa3b
10/04/2026,138.00,Generated transaction 100,405266fc-bcd8-4ebe-b967-a62a56866db2
11/04/2026,139.37,Generated transaction 101,69124496-603e-49e4-9fb7-68c8168e8ae0
12/04/2026,140.74,Generated transaction 102,74673262-37d7-44e2-8aaf-6a3112dd6544
13/04/2026,142.11,Generated transaction 103,9c7bcd80-a477-452d-a224-5361ab0c9c21
14/04/2026,143.48,Generated transaction 104,79c06888-4759-4136-840c-a0ac922a86b9
15/04/2026,144.85,Generated transaction 105,c7dd5db5-fba0-40fc-aca4-a90aa59d0dd5
16/04/2026,146.22,Generated transaction 106,8a07c1e6-8a0f-4091-829e-06c465ee9541
17/04/2026,147.59,Generated transaction 107,c0d54565-6bfe-4f9b-8347-969f47432bc9
18/04/2026,148.96,Generated transaction 108,11cafc2b-aa75-4564-ab56-9797477c2da2
19/04/2026,150.33,Generated transaction 109,e715eca8-42b9-4a49-88e3-d8982514f49a
20/04/2026,151.70,Generated transaction 110,6892b246-fe20-4b67-b636-84cd82452ca7
21/04/2026,153.07,Generated transaction 111,bfa5a87a-ab8e-4991-b99d-fb46c96e6813
22/04/2026,154.44,Generated transaction 112,3f4f1e05-ab1f-4d68-be04-b359e14e7f53
23/04/2026,155.81,Generated transaction 113,effcaf46-3b58-4210-9966-a15dae6784b6
24/04/2026,157.18,Generated transaction 114,dd5226e5-e669-4c8c-a3a8-cb9f243f7800
25/04/2026,158.55,Generated transaction 115,a674b02e-daeb-42a4-b0dc-1d2a70b57951
26/04/2026,159.92,Generated transaction 116,1b399bfa-f8c3-4765-a7b8-ab1a008b6b46
27/04/2026,161.29,Generated transaction 117,953783a5-3650-4a4c-84e4-559bce0bbfd3
28/04/2026,162.66,Generated transaction 118,5eaed8d7-c5cf-48ab-8b12-a7f812f3f19a
29/04/2026,164.03,Generated transaction 119,5c2544c7-24a0-4099-a22b-6f11b3ef0c7e
30/04/2026,165.40,Generated transaction 120,49ed2188-91f2-44cc-b6ef-5a883c605b76
01/05/2026,166.77,Generated transaction 121,a0d966a8-9993-41c5-9591-ee3e5f72bdbf
02/05/2026,168.14,Generated transaction 122,4c53e29b-37ed-418b-9e84-e48289f88c25
03/05/2026,169.51,Generated transaction 123,85ea3ece-e50f-4cd5-8de6-cb39591c7338
04/05/2026,170.88,Generated transaction 124,bad6d1ec-9661-4af7-a788-5080d1f39998
05/05/2026,172.25,Generated transaction 125,78a5b4c5-d72a-486a-9b46-d4f578a59cf5
06/05/2026,173.62,Generated transaction 126,94f55f8c-8f2e-4a5f-aee8-11ef0b0ccde4
07/05/2026,174.99,Generated transaction 127,33f35e88-935a-498f-93f8-45473da19844
08/05/2026,176.36,Generated transaction 128,4c35ad5a-e2c8-4fb0-8edb-838b3df7f379
09/05/2026,177.73,Generated transaction 129,e81db378-4f66-45a8-8c1d-b33bcbd7440c
10/05/2026,179.10,Generated transaction 130,ef40bef2-b524-457c-b79e-8aaa551eeecd
11/05/2026,180.47,Generated transaction 131,f7c15000-7eb3-4faa-8123-5276751e6571
12/05/2026,181.84,Generated transaction 132,724c7eb1-d4ba-4b65-81e8-434ffb46f103
13/05/2026,183.21,Generated transaction 133,0f4114cc-c050-4848-99f6-6f4cc487f706
14/05/2026,184.58,Generated transaction 134,3c5aa1e1-687e-4251-8a2b-50f1b4ee5ce7
15/05/2026,185.95,Generated transaction 135,7d46662b-78c9-41e3-9afe-1bdf0a0b63e3
16/05/2026,187.32,Generated transaction 136,e59437df-2580-448c-a093-721d58d5c088
17/05/2026,188.69,Generated transaction 137,469e0b30-82a1-47c1-af20-66d113aa2643
18/05/2026,190.06,Generated transaction 138,6edf381e-e311-4ad8-9035-051d59610af5
19/05/2026,191.43,Generated transaction 139,e6c0ff43-792b-448b-87f7-2d0809d781ee
20/05/2026,192.80,Generated transaction 140,7299ea25-f06c-4b68-a5a9-7111cff06eea
21/05/2026,194.17,Generated transaction 141,b7ca6f32-b01f-4c32-b01e-fb1ad44125fe
22/05/2026,195.54,Generated transaction 142,070eead8-a460-4c6b-b4d1-21f3bbf1f41e
23/05/2026,196.91,Generated transaction 143,3c7d0a34-044e-4b0e-859e-cf93dcddb39a
24/05/2026,198.28,Generated transaction 144,153f9d69-7a40-4a7a-aa05-e5cb5f87feb7
25/05/2026,199.65,Generated transaction 145,e9a270be-0807-4b58-9c9e-e2d6dbb92409
26/05/2026,201.02,Generated transaction 146,6f0af9f3-a9c4-4020-b46f-2f13e816ee4b
27/05/2026,202.39,Generated transaction 147,e09bad43-9e89-40ef-a12a-206cc02930db
28/05/2026,203.76,Generated transaction 148,d35eae0c-bb62-4ac1-81d9-f004a17dd7b5
29/05/2026,205.13,Generated transaction 149,b4721bc8-1bc1-439e-bc76-9299f96ee7b5
30/05/2026,206.50,Generated transaction 150,42fa68e6-d37c-4e1e-987b-f836729cf9a1
31/05/2026,207.87,Generated transaction 151,b16a69bb-b8a7-4ceb-a936-63a4045b92f7
01/06/2026,209.24,Generated transaction 152,6ffeeb52-0f2d-43a8-9b9b-44e70eac923c
02/06/2026,210.61,Generated transaction 153,feb5eff9-2bde-4742-9e07-50dc8b7bb275
03/06/2026,211.98,Generated transaction 154,151552ae-ecd4-462b-8384-97285731a30a
04/06/2026,213.35,Generated transaction 155,ed1af818-377c-44f2-946b-a7d303881810
05/06/2026,214.72,Generated transaction 156,ab04ddda-ebc1-4cf7-9b00-eb8a5e1729d0
06/06/2026,216.09,Generated transaction 157,67799df1-ddc7-4bab-b045-f39e83e7e371
07/06/2026,217.46,Generated transaction 158,91f68ed1-48b0-4490-aaff-672938b9339e
08/06/2026,218.83,Generated transaction 159,aa3f8e6f-6fc2-4839-b8d7-0b65641c5f7a
09/06/2026,220.20,Generated transaction 160,8a9a2c60-7d23-4678-904d-8a9f5d3b7472
10/06/2026,221.57,Generated transaction 161,c986dcf3-f422-4e0e-a3d2-8bd3b8e66fb9
11/06/2026,222.94,Generated transaction 162,b187c839-1834-49de-9697-02322e787074
12/06/2026,224.31,Generated transaction 163,dc9ec851-aed5-4bbf-8a11-774773a7d654
13/06/2026,225.68,Generated transaction 164,b831d0fa-dcb4-436f-96a8-1d8895f3e0da
14/06/2026,227.05,Generated transaction 165,e1807537-f93b-4834-a533-9baa78844330
15/06/2026,228.42,Generated transaction 166,8a1339bc-36c0-47b6-b6b3-f8a40cde343c
16/06/2026,229.79,Generated transaction 167,1d3807a6-696f-4136-9a0b-5933d66c0d85
17/06/2026,231.16,Generated transaction 168,3fdc5b96-6b93-493a-8c57-e61ada94a8bd
18/06/2026,232.53,Generated transaction 169,02679ba0-f798-4ef3-81ce-39baaadabdec
19/06/2026,233.90,Generated transaction 170,d2afe196-a7d4-4a2e-9943-a088cc3177b2
20/06/2026,235.27,Generated transaction 171,18faaa82-6897-4f46-aec5-977ffba998b9
21/06/2026,236.64,Generated transaction 172,84980897-e31a-4e03-b99c-06fc9e042872
22/06/2026,238.01,Generated transaction 173,1c854f6b-101f-4c81-9efa-b1f8fbe159ad
23/06/2026,239.38,Generated transaction 174,8897694a-636f-4542-ad76-d18cd5e89cf1
24/06/2026,240.75,Generated transaction 175,9b55d7e7-a93c-4037-bc9f-ccd65a936991
25/06/2026,242.12,Generated transaction 176,a342beaa-ce33-4583-af7a-cdbfe47119e3
26/06/2026,243.49,Generated transaction 177,35760803-1e83-4a7f-b97d-eecad49ea56e
27/06/2026,244.86,Generated transaction 178,82176c89-bb2b-45b8-ad09-b636ece63d8d
28/06/2026,246.23,Generated transaction 179,c6de1aa1-c214-4620-984c-40516c11d8e5
29/06/2026,247.60,Generated transaction 180,22de813d-dea4-432c-855b-cfef681e43e1
30/06/2026,248.97,Generated transaction 181,eab25867-fd1f-4243-96dc-4ac578089359
01/07/2026,250.34,Generated transaction 182,b3d02699-c57a-4e4c-a15c-fea180cce2dd
02/07/2026,251.71,Generated transaction 183,3ad4d7c0-c992-4191-a409-1ef822b142bb
03/07/2026,253.08,Generated transaction 184,32d7ccd5-28d5-40b4-b40a-4938199cccc8
04/07/2026,254.45,Generated transaction 185,c829763a-a537-466c-b4b3-282593e24944
05/07/2026,255.82,Generated transaction 186,baacc4b0-6636-4ede-8bea-aefd63f9f085
06/07/2026,257.19,Generated transaction 187,fd68130c-ec43-490c-9c1f-237e4e819615
07/07/2026,258.56,Generated transaction 188,937ab765-2136-4528-ab49-43ae3c19ae5e
08/07/2026,259.93,Generated transaction 189,a4a57c2d-f06b-4884-8f59-33810ecaa20f
09/07/2026,261.30,Generated transaction 190,7e830fd0-216c-44ea-ba1d-93f0279c8bfd
10/07/2026,262.67,Generated transaction 191,77192d88-2533-44b4-a67c-da0c8d284025
11/07/2026,264.04,Generated transaction 192,5d1bd7bd-e2e1-4890-a99d-da6cc87a00d1
12/07/2026,265.41,Generated transaction 193,4dcd4642-a763-4fee-ad49-b75bee4eeb95
13/07/2026,266.78,Generated transaction 194,769913dc-23c2-479c-bf18-c2e8b02e7bea
14/07/2026,268.15,Generated transaction 195,cd06bb0f-19a3-4697-9a49-1c73c07264a1
15/07/2026,269.52,Generated transaction 196,deac61a7-88ca-4adc-af9b-9f8b973ea649
16/07/2026,270.89,Generated transaction 197,d80922f0-9923-4703-96d7-15d5a5b2f52e
17/07/2026,272.26,Generated transaction 198,3eb6f07c-a298-4bcf-80f9-f92c4e2aee41
18/07/2026,273.63,Generated transaction 199,661d663f-0c85-401a-8c8c-ea278d40a1c9
19/07/2026,275.00,Generated transaction 200,d8493d71-da47-4870-b53e-6caeace45cc7
20/07/2026,276.37,Generated transaction 201,8410607c-f179-4302-9f54-dbf84f2e8277
21/07/2026,277.74,Generated transaction 202,5d46222d-548b-4ec7-b411-87b91d91f4ea
22/07/2026,279.11,Generated transaction 203,0ad5d922-88d1-46ae-8f46-7a8ef644e56c
23/07/2026,280.48,Generated transaction 204,08f89a88-6924-4946-8bac-a97b48eb5e35
24/07/2026,281.85,Generated transaction 205,1157d013-9404-45ec-8bd4-b9a44ed55fc1
25/07/2026,283.22,Generated transaction 206,fa24dd96-6c08-4fbb-bf1c-180e18fcddec
26/07/2026,284.59,Generated transaction 207,fc5b8be8-28e0-4deb-8fd5-6ef146f33e03
27/07/2026,285.96,Generated transaction 208,1a84b847-9f8b-4731-8ed2-2e80dd332e25
28/07/2026,287.33,Generated transaction 209,e551afd3-1b21-4ab2-a983-be7ff0d6f937
29/07/2026,288.70,Generated transaction 210,ac47d1c8-c88a-409a-b6b6-f2c59d4f08e6
30/07/2026,290.07,Generated transaction 211,3e735479-ef1e-4d55-99c6-0b53cef13991
31/07/2026,291.44,Generated transaction 212,0c38811c-38d6-49e7-a402-2a5dd5b9ab9e
01/08/2026,292.81,Generated transaction 213,a68cbffc-e74e-40c2-8f12-d61310d5b39b
02/08/2026,294.18,Generated transaction 214,8d662d4a-38dc-48e4-8523-d2b76d9e751f
03/08/2026,295.55,Generated transaction 215,3959e75f-d8cd-4ef0-a460-eb599b601a91
04/08/2026,296.92,Generated transaction 216,2ffebc6f-e179-487e-adc7-515525d3e828
05/08/2026,298.29,Generated transaction 217,cf7f7ed0-3507-49da-82cb-15551aa9e0b5
06/08/2026,299.66,Generated transaction 218,832f6b6b-3ccc-4644-99ad-382544b1bceb
07/08/2026,301.03,Generated transaction 219,8f82ac9a-5b7f-4d70-940a-fedc755c2570
08/08/2026,302.40,Generated transaction 220,6a73f5bb-09cb-4071-8e80-72dfb75e65eb
09/08/2026,303.77,Generated transaction 221,c17101af-f45d-4c6f-8536-cb5b11cffe5d
10/08/2026,305.14,Generated transaction 222,b4a7ca2a-43d5-46ee-a62e-28533ecdd8a4
11/08/2026,306.51,Generated transaction 223,7cdbdcac-45db-435f-b7d4-20ca0c529905
12/08/2026,307.88,Generated transaction 224,ff781e32-29c7-4626-9290-1ad50d34e7f1
13/08/2026,309.25,Generated transaction 225,105002cb-cf28-4cb2-802b-d33a3db7f647
14/08/2026,310.62,Generated transaction 226,53cbe5ff-954f-458f-9a32-7e5cabe45a48
15/08/2026,311.99,Generated transaction 227,c0adb796-32b8-4b15-bac0-07965721c115
16/08/2026,313.36,Generated transaction 228,a6ea162d-2c0f-4c42-afb6-0a5bab2a12d0
17/08/2026,314.73,Generated transaction 229,19578ec5-ffd0-46f6-bc69-fff5cf91467e
18/08/2026,316.10,Generated transaction 230,dd8cbab2-a5c0-4e07-b35e-31ff722ed36b
19/08/2026,317.47,Generated transaction 231,5ba77e47-8436-44fc-91de-64ca4d61cc28
20/08/2026,318.84,Generated transaction 232,302a5909-7986-4a9b-b161-8d40117ab806
21/08/2026,320.21,Generated transaction 233,106ab1c1-a32e-4d80-9557-c78a345db3ec
22/08/2026,321.58,Generated transaction 234,b6b52e5a-ed11-45b7-a16a-c36b3d05ea80
23/08/2026,322.95,Generated transaction 235,3ecdf234-6a2b-4271-ac11-db2093868cb2
24/08/2026,324.32,Generated transaction 236,d12268b4-8861-4a1a-ad35-fb0ee83e8877
25/08/2026,325.69,Generated transaction 237,dc5fffc3-9277-4e05-b5db-920f4dce1f03
26/08/2026,327.06,Generated transaction 238,6ba0aca0-3e4e-4d5b-bb02-9d19c567fc9c
27/08/2026,328.43,Generated transaction 239,3b82b838-728c-45fe-b74a-69ee4bb6413d
28/08/2026,329.80,Generated transaction 240,12d76b59-b175-4b40-9a7e-43fb1f6856ad
29/08/2026,331.17,Generated transaction 241,864d758d-73c3-4b98-80da-6f11971af08c
30/08/2026,332.54,Generated transaction 242,fba08b9a-12e7-4e68-b9a8-970357dda13d
31/08/2026,333.91,Generated transaction 243,669959ac-314c-4214-ae21-8b5871f0f6f0
01/09/2026,335.28,Generated transaction 244,723ff9ea-b702-4f92-a583-1db1760ba0e6
02/09/2026,336.65,Generated transaction 245,caaf00bf-2bda-43f1-8d79-255e52179608
03/09/2026,338.02,Generated transaction 246,1b4417d4-cc3d-4a96-a130-3443e8dff4ab
04/09/2026,339.39,Generated transaction 247,76c3702c-6734-474f-bacb-0d7de4c5b348
05/09/2026,340.76,Generated transaction 248,4977c940-7850-4225-bda0-36963bbb8bf5
06/09/2026,342.13,Generated transaction 249,7d6ad483-7a6a-4319-8b3a-069ca122a2f5
07/09/2026,343.50,Generated transaction 250,e7d22ce3-bfd5-4eca-ac41-51fbbf24db6e
08/09/2026,344.87,Generated transaction 251,ba99932d-dfc7-4e9e-8d2f-93dbf9f5cc7c
09/09/2026,346.24,Generated transaction 252,217e804d-00e3-4ae3-bf69-c6c1c40e3af8
10/09/2026,347.61,Generated transaction 253,24a64729-9017-4026-bf21-273115f01386
11/09/2026,348.98,Generated transaction 254,e9e24c28-34a1-44ef-87a8-b63d701d8072
12/09/2026,350.35,Generated transaction 255,bd726f23-7b71-415d-be65-808becf3e708
13/09/2026,351.72,Generated transaction 256,fbcc8fc0-dc2c-4713-af66-1970e4eb70d7
14/09/2026,353.09,Generated transaction 257,30bdddf3-6d96-4f65-a6c7-66dcb1f2d090
15/09/2026,354.46,Generated transaction 258,cf870f04-5dbe-453c-9f5d-9c8f573ab6ef
16/09/2026,355.83,Generated transaction 259,40d548f5-e24a-40a4-a3a9-584700fdbd0f
17/09/2026,357.20,Generated transaction 260,44253e9b-e589-4cec-8eb5-3df45298f84e
18/09/2026,358.57,Generated transaction 261,5b70f8dd-3772-4d80-b036-33b31feddd56
19/09/2026,359.94,Generated transaction 262,f8298136-ef3a-44e0-a295-6e5cf5877587
20/09/2026,361.31,Generated transaction 263,3bbdd579-5676-4449-8fef-d8d5f46608db
21/09/2026,362.68,Generated transaction 264,ee1598ac-d1c1-490e-ab50-7d45c792f01d
22/09/2026,364.05,Generated transaction 265,91af4a48-72f7-4482-8c6f-2cbd3b6f412e
23/09/2026,365.42,Generated transaction 266,d6628fbf-d141-42cc-b02c-9a5f93ecf827
24/09/2026,366.79,Generated transaction 267,45c3b658-9b4f-4f62-abc6-78724345cbca
25/09/2026,368.16,Generated transaction 268,098a6b3b-9f4b-43ff-862a-da0e7d636968
26/09/2026,369.53,Generated transaction 269,dd810e4e-26ee-448a-8467-d4cd875d9554
27/09/2026,370.90,Generated transaction 270,44f9c700-bfdc-4771-a22d-1ae6de4249c9
28/09/2026,372.27,Generated transaction 271,68eced13-9704-4439-89d5-b0344fa159a4
29/09/2026,373.64,Generated transaction 272,4b7a64bb-2b3e-455f-b6db-f75c47087f3c
30/09/2026,375.01,Generated transaction 273,fd427c06-1fa4-4e41-b2cb-d6bf7f9cfc63
01/10/2026,376.38,Generated transaction 274,c3d63082-c5bc-4040-82a7-efec007b2063
02/10/2026,377.75,Generated transaction 275,a556c8f1-bf5a-4f43-8f52-e9f9fb60f4a7
03/10/2026,379.12,Generated transaction 276,18dfc98c-cefe-49a0-a46a-8282f6a57bd9
04/10/2026,380.49,Generated transaction 277,20d653d5-e378-4861-8cf2-83ee6d5bc200
05/10/2026,381.86,Generated transaction 278,3695e394-da43-424b-9fbb-554d610f5e67
06/10/2026,383.23,Generated transaction 279,f95ba263-6851-44e2-8c07-6444f064c2ea
07/10/2026,384.60,Generated transaction 280,1d0ae64e-a19b-4ec2-911c-a08e4f5d038f
08/10/2026,385.97,Generated transaction 281,b280dd55-8573-42fb-877c-d296f87afa2c
09/10/2026,387.34,Generated transaction 282,e271163b-7a17-4cbd-be0a-5398ba260794
10/10/2026,388.71,Generated transaction 283,05c118a1-1e7c-4815-a527-e4d9f805f486
11/10/2026,390.08,Generated transaction 284,e75c6c54-99b9-4a46-b6be-0d6c07aa2752
12/10/2026,391.45,Generated transaction 285,abdd0e3f-291a-42a8-8e6d-92f3c772cf5f
13/10/2026,392.82,Generated transaction 286,809e85b4-04ca-4f2e-a331-5344ed413a5e
14/10/2026,394.19,Generated transaction 287,277d46e0-9922-46f1-bb0f-27be9ed91f11
15/10/2026,395.56,Generated transaction 288,762e4e8b-84b5-4f56-8d35-c826a19a3e4f
16/10/2026,396.93,Generated transaction 289,f44ef6b7-1555-4dc6-b6f8-f14e7fc6a1e3
17/10/2026,398.30,Generated transaction 290,62035cdd-4af1-4bd8-bd77-f8ea1063642d
18/10/2026,399.67,Generated transaction 291,3f5c3793-4f1e-446e-955a-a471c3b9c863
19/10/2026,401.04,Generated transaction 292,dfd887e3-de2c-4d0a-b788-5d6af3ff2767
20/10/2026,402.41,Generated transaction 293,f2112abc-0ec4-4468-a9c8-05b769f244a7
21/10/2026,403.78,Generated transaction 294,49416504-9874-4fb7-82ae-01b3bdd0150a
22/10/2026,405.15,Generated transaction 295,b3755ac4-9009-411c-bfb2-777b8b1262c8
23/10/2026,406.52,Generated transaction 296,75a36af8-4046-419f-bd30-57373d6b6410
24/10/2026,407.89,Generated transaction 297,af4ba03b-87e6-4514-bf0f-8467295123af
25/10/2026,409.26,Generated transaction 298,ddec7aae-6084-4389-8e34-8e5458a3a633
26/10/2026,410.63,Generated transaction 299,bc1d7829-57ab-483a-affe-993d0c5ad36f
27/10/2026,412.00,Generated transaction 300,441a943b-eea1-4e63-9343-b81f0c0d746c
28/10/2026,413.37,Generated transaction 301,3775cf1e-3bff-434f-b3cf-d6011266f49b
29/10/2026,414.74,Generated transaction 302,79518511-45d1-4526-98e2-8725360d85c0
30/10/2026,416.11,Generated transaction 303,6bca96b5-d713-4ffb-bcee-3f708be290d1
31/10/2026,417.48,Generated transaction 304,64f9243e-45ed-4b7e-9c20-5e787e2aaf8f
01/11/2026,418.85,Generated transaction 305,f6d6aa8a-4ed1-4c7d-8875-d4a60281e14a
02/11/2026,420.22,Generated transaction 306,75c1940b-a1c6-4262-b86b-4dd943d5db31
03/11/2026,421.59,Generated transaction 307,e774286c-0421-44c6-bbfe-bbfc0b136525
04/11/2026,422.96,Generated transaction 308,b00eb362-f365-442c-9fb9-bb058aae91e3
05/11/2026,424.33,Generated transaction 309,06735cf3-ad8b-48c9-849d-44277aaaea67
06/11/2026,425.70,Generated transaction 310,b85485e6-88e2-4fe5-9083-7bf9331c06e2
07/11/2026,427.07,Generated transaction 311,46a05bc7-c37e-451a-b510-0ecc4fed831e
08/11/2026,428.44,Generated transaction 312,85b75017-ad6e-419c-a708-1aafc8d35945
09/11/2026,429.81,Generated transaction 313,9fefb592-451d-43c2-b87d-680b8c6d5b5f
10/11/2026,431.18,Generated transaction 314,579971f6-886e-49f1-a98e-81205bfda7b2
11/11/2026,432.55,Generated transaction 315,2fa14e79-6b10-4a91-8107-c1e9743d4964
12/11/2026,433.92,Generated transaction 316,34bde207-24cc-4430-b523-d2b1007eb6c9
13/11/2026,435.29,Generated transaction 317,e2c83ced-9901-4832-a36e-8a1656a106f8
14/11/2026,436.66,Generated transaction 318,41209884-03cd-4e64-9c29-50383a15eabf
15/11/2026,438.03,Generated transaction 319,0e3b38fb-581f-4f34-9b3e-ad0a702a952c
16/11/2026,439.40,Generated transaction 320,0b465b2f-dad1-4940-96ee-6b57d12bb642
17/11/2026,440.77,Generated transaction 321,a7b98cb0-edef-466d-9076-02b8cd393338
18/11/2026,442.14,Generated transaction 322,f688a7f9-d747-48a8-8938-589d420297f9
19/11/2026,443.51,Generated transaction 323,90963f51-cde8-48e2-b0e8-b699a209aaf1
20/11/2026,444.88,Generated transaction 324,a75a8f25-a3dc-4d10-8a2d-fab2ed5a157e
21/11/2026,446.25,Generated transaction 325,10f5927a-66bc-40ab-8ec5-ef8499bae28e
22/11/2026,447.62,Generated transaction 326,dde74ae6-eae5-4c4e-9551-c17e02d94250
23/11/2026,448.99,Generated transaction 327,f5237dff-3546-4fbc-8e25-42e07b049fb9
24/11/2026,450.36,Generated transaction 328,3dcc6fe5-f305-497b-828e-dda686f306b0
25/11/2026,451.73,Generated transaction 329,501b5fbd-e850-4eb2-8a39-92775046d8e0
26/11/2026,453.10,Generated transaction 330,f01b25c8-ec8d-4912-8b4c-402293d5da4b
27/11/2026,454.47,Generated transaction 331,c0b94193-755e-4c4b-9e54-1249f985fa24
28/11/2026,455.84,Generated transaction 332,ff124100-e28a-4588-9ce8-52869f427297
29/11/2026,457.21,Generated transaction 333,6568fc63-b2e2-4b43-9e97-a9432993005f
30/11/2026,458.58,Generated transaction 334,df6c3f80-e32b-4271-aea6-ed220130e3ba
01/12/2026,459.95,Generated transaction 335,17213b4e-320c-48ca-9f2a-70aa1e847350
02/12/2026,461.32,Generated transaction 336,68c4cdc0-62d9-444e-be43-2c0a6cebbbb9
03/12/2026,462.69,Generated transaction 337,4e058ce6-2e7e-44a3-9d40-d01bd4583d75
04/12/2026,464.06,Generated transaction 338,9b39c266-6dc3-422e-80f1-e95ebb237258
05/12/2026,465.43,Generated transaction 339,d8eff509-06c1-4026-810c-e8474e54a47e
06/12/2026,466.80,Generated transaction 340,7875817b-7503-4052-9e38-deda0a6a0a9f
07/12/2026,468.17,Generated transaction 341,552ff406-9448-4acf-9b16-3caf55afb683
08/12/2026,469.54,Generated transaction 342,6027a6aa-e861-41c8-a598-aed9d3caa862
09/12/2026,470.91,Generated transaction 343,5281a05a-30c7-46f0-8e2c-5087b28155af
10/12/2026,472.28,Generated transaction 344,1b8aa4c7-6035-4126-9482-cea21259df75
11/12/2026,473.65,Generated transaction 345,fd5e2277-6650-48e4-b708-76c6bf958ee0
12/12/2026,475.02,Generated transaction 346,e5528224-ea10-4728-b56b-880b6143c94b
13/12/2026,476.39,Generated transaction 347,efaba462-d965-4683-8871-dd2893922502
14/12/2026,477.76,Generated transaction 348,891fa31b-3723-460e-af9e-fa510850f43b
15/12/2026,479.13,Generated transaction 349,25de9569-87a3-4472-b136-fb38ea0316b0
16/12/2026,480.50,Generated transaction 350,e4fd1c37-fdd1-4f95-87b7-9b29c69fc740
17/12/2026,481.87,Generated transaction 351,14f9869f-c3a5-4999-b574-2a1857a08d7e
18/12/2026,483.24,Generated transaction 352,c9669622-8559-43d0-82eb-0b8e723c225d
19/12/2026,484.61,Generated transaction 353,0811674d-00ed-42be-9419-68200988dc33
20/12/2026,485.98,Generated transaction 354,dea44866-295f-4ee7-9165-fac90d5120bd
21/12/2026,487.35,Generated transaction 355,ff45c47e-132b-4b43-ba9f-49e3305d8c21
22/12/2026,488.72,Generated transaction 356,0c5cc90b-5c8c-46fd-b4af-20292ee590e3
23/12/2026,490.09,Generated transaction 357,ac8bb2f2-4630-4a42-b189-675ab3007c1a
24/12/2026,491.46,Generated transaction 358,c3293d3f-9ac0-4ca4-b5ef-3a436d2faa5a
25/12/2026,492.83,Generated transaction 359,8ff12284-e3ba-4276-a09b-ad80d9cd7942
26/12/2026,494.20,Generated transaction 360,a135f8b4-c627-4bae-b6b8-6de1aa7c8cae
27/12/2026,495.57,Generated transaction 361,32897b82-245c-46d5-9429-c16103f1fb21
28/12/2026,496.94,Generated transaction 362,cae6bd5c-7fae-4f5b-ba64-e27e476d92d6
29/12/2026,498.31,Generated transaction 363,0b2ec1d0-c8a1-4878-bea6-9399e34e948e
30/12/2026,499.68,Generated transaction 364,990fb17a-c7ec-4856-b1ae-dbd50e4fbe9d
31/12/2026,501.05,Generated transaction 365,c211e386-154a-4fc0-bc4c-baa4a94b53df
01/01/2027,502.42,Generated transaction 366,77bd0c51-6eb6-4177-bcf2-92d7cf52a64b
02/01/2027,503.79,Generated transaction 367,e093d4d4-1f4d-42de-b62a-ae48bcad9f79
03/01/2027,505.16,Generated transaction 368,2a18ffd1-bc6b-466b-9b10-b5dfabe914e5
04/01/2027,506.53,Generated transaction 369,4950ac01-c71b-4eb2-a33e-10cea352f1b7
05/01/2027,507.90,Generated transaction 370,97faf30a-b98a-4633-a655-6ab667b3f10f
06/01/2027,509.27,Generated transaction 371,189029f2-a82f-4366-8f07-3fb39152e4d1
07/01/2027,510.64,Generated transaction 372,45c81f04-ae54-4566-b324-ae6942c02165
08/01/2027,512.01,Generated transaction 373,ba519b88-a35a-49a7-afdd-088b340a1f8b
09/01/2027,513.38,Generated transaction 374,665d8974-57bd-45d1-a0a1-1659ffc67f85
10/01/2027,514.75,Generated transaction 375,6f542d9e-58b8-4ee7-aa76-62d23cf34ff8
11/01/2027,516.12,Generated transaction 376,cab06c21-6a14-48e2-97d2-d3fb4473837c
12/01/2027,517.49,Generated transaction 377,4461f703-8b0a-47fa-b3a1-30981cd77596
13/01/2027,518.86,Generated transaction 378,2f0ad318-80f8-4b94-8a5c-ff235873669d
14/01/2027,520.23,Generated transaction 379,61bc5f5e-28f4-47cb-91ef-00b6b6ba6848
15/01/2027,521.60,Generated transaction 380,4881a432-e620-4f67-ae46-2a6491cdf4b7
16/01/2027,522.97,Generated transaction 381,48a33b9b-84e0-43b2-859f-ef4605dd0078
17/01/2027,524.34,Generated transaction 382,fd3c6daa-cea6-46fe-80ee-d51e691ab2af
18/01/2027,525.71,Generated transaction 383,08d823da-797c-4906-9f1d-7366534bbad9
19/01/2027,527.08,Generated transaction 384,21608fb3-1b26-4180-837f-374c5238f772
20/01/2027,528.45,Generated transaction 385,881960f6-bb11-4f33-91f9-2fea57127ac1
21/01/2027,529.82,Generated transaction 386,6ead371a-e76d-4d69-9f97-f6b5a5813d95
22/01/2027,531.19,Generated transaction 387,7220ed4f-66ac-40ff-b8d7-6b35e8bc0815
23/01/2027,532.56,Generated transaction 388,31a55d02-7e67-40a9-bfc7-5eb0fada832a
24/01/2027,533.93,Generated transaction 389,3e4aa8c4-a6a6-4cfc-ac18-82e0c7328e12
25/01/2027,535.30,Generated transaction 390,4b56e75e-ab84-468a-9bf6-c0e4d0be492b
26/01/2027,536.67,Generated transaction 391,49cef7b4-cce3-424c-b20b-97c61e82a579
27/01/2027,538.04,Generated transaction 392,1799b3c4-a060-4a62-bf87-2bf2ccb900cb
28/01/2027,539.41,Generated transaction 393,132fdc31-3d91-4c16-a08f-18188295b0b7
29/01/2027,540.78,Generated transaction 394,a4831098-5839-46b2-88a4-e615bbd694ea
30/01/2027,542.15,Generated transaction 395,e78a459f-b432-43ed-8079-2fd8b95e05e3
31/01/2027,543.52,Generated transaction 396,de417494-f718-4521-90e0-334593c8f0b8
01/02/2027,544.89,Generated transaction 397,b80a7d92-0dfa-4e73-9943-c80b274e3e7c
02/02/2027,546.26,Generated transaction 398,01682e83-14f9-48ad-92a0-ae4a7723b6ce
03/02/2027,547.63,Generated transaction 399,32f2d570-bdcb-4f8e-897e-0fac9abe64c1
04/02/2027,549.00,Generated transaction 400,4dc029b4-986d-4546-bc01-98de96a5bd9c
05/02/2027,550.37,Generated transaction 401,8eb8609f-cc0e-4d60-a32b-4728959961cb
06/02/2027,551.74,Generated transaction 402,29d442a3-b1df-4029-b2c7-12511d74c205
07/02/2027,553.11,Generated transaction 403,2e61532c-18a8-4e67-b035-e4e303b475a0
08/02/2027,554.48,Generated transaction 404,4d68ebef-56f4-4c61-a757-cbb07abeb25a
09/02/2027,555.85,Generated transaction 405,9d8bb9c3-f298-4589-b8b0-bd9958f0cd1a
10/02/2027,557.22,Generated transaction 406,3b69596b-4ddb-47fb-96a0-1a3f7cfdd399
11/02/2027,558.59,Generated transaction 407,5eef4a55-400f-449d-b164-6cc37793c210
12/02/2027,559.96,Generated transaction 408,8a304000-1e03-4253-821d-9f5efff9f934
13/02/2027,561.33,Generated transaction 409,b5a41d05-17b4-4758-b3aa-5b81ee9d0b26
14/02/2027,562.70,Generated transaction 410,264d74b4-042b-4662-a8d3-77cbc138e933
15/02/2027,564.07,Generated transaction 411,d2303403-6cc1-49f2-9438-4511a47fc324
16/02/2027,565.44,Generated transaction 412,b48c44ae-e18e-4d37-ad8c-b0a1b9a9fe08
17/02/2027,566.81,Generated transaction 413,d2d3cf45-7c13-471c-86bf-56a1a7dbb898
18/02/2027,568.18,Generated transaction 414,dd597a76-1d4e-4292-a028-57d8d6e74ddb
19/02/2027,569.55,Generated transaction 415,c94d89cf-3dc8-431a-a86b-32141b4c9459
20/02/2027,570.92,Generated transaction 416,56fa562d-fe03-4bc4-944c-6384a67d1ef6
21/02/2027,572.29,Generated transaction 417,360aa0f4-a103-4f8b-bb60-d723f6bc834c
22/02/2027,573.66,Generated transaction 418,204a2b6e-c123-4449-a9c2-87bb27d437bc
23/02/2027,575.03,Generated transaction 419,9e7ad959-b9bc-4fbc-95d5-ed2ffcbdf707
24/02/2027,576.40,Generated transaction 420,1065d67a-30ed-4241-8ef0-21a7f2c983e0
25/02/2027,577.77,Generated transaction 421,bf418003-191f-4b86-9546-e52f041c5665
26/02/2027,579.14,Generated transaction 422,f79e44e6-de2e-4b3c-83dc-8c8884dc901c
27/02/2027,580.51,Generated transaction 423,754b500a-4483-4f53-8307-4d7568273c92
28/02/2027,581.88,Generated transaction 424,2f55eba5-6b18-4f3f-8d3d-e84e01cdea15
01/03/2027,583.25,Generated transaction 425,17ba7ddb-fcf0-40da-a72a-a66d87119950
02/03/2027,584.62,Generated transaction 426,7c845cd1-338e-4f5f-b0a2-a7dd20ce07a3
03/03/2027,585.99,Generated transaction 427,aa200a3d-36f8-43b0-ad63-83b4926dd94d
04/03/2027,587.36,Generated transaction 428,7d1b2f6d-e74c-4dc9-89d1-61f587ee6f54
05/03/2027,588.73,Generated transaction 429,0de104d7-c7a0-45c6-b3d8-308d2d2cafec
06/03/2027,590.10,Generated transaction 430,192c5911-d1b8-4db2-ad60-b42c4d6518f5
07/03/2027,591.47,Generated transaction 431,99f83a24-5ef4-4105-accc-0f8ce73bb438
08/03/2027,592.84,Generated transaction 432,33fafa66-0b54-409e-82dc-aac3aac241b4
09/03/2027,594.21,Generated transaction 433,ba823cfc-7d3b-42f1-956e-deb308dfcf51
10/03/2027,595.58,Generated transaction 434,700ab2e5-e0e7-4d8f-9989-63654eb56b23
11/03/2027,596.95,Generated transaction 435,1186ed81-be6a-4269-84b0-1af64a3554b6
12/03/2027,598.32,Generated transaction 436,264e75e2-d65d-40a5-b479-e97d2f033602
13/03/2027,599.69,Generated transaction 437,2d6c63d0-e964-4256-8da0-1b47afed57b4
14/03/2027,601.06,Generated transaction 438,b974cdaf-cc5d-49be-ae66-0f0d376159ae
15/03/2027,602.43,Generated transaction 439,d5629fdb-950a-4392-bee8-6bd60da681e8
16/03/2027,603.80,Generated transaction 440,f71f6d88-f5be-4d94-824f-d430c8f36e81
17/03/2027,605.17,Generated transaction 441,7ff6bb24-4be3-4072-977b-efe5495c703d
18/03/2027,606.54,Generated transaction 442,0c59b837-48da-47bb-aec6-2253d5e9ec0d
19/03/2027,607.91,Generated transaction 443,85b790f7-27b0-443c-a1d6-62cac202425b
20/03/2027,609.28,Generated transaction 444,2a560a4d-6fe4-40e3-b1c9-5038a5b3e61f
21/03/2027,610.65,Generated transaction 445,d690e41d-4d97-4692-8dc9-4039e59626d1
22/03/2027,612.02,Generated transaction 446,93ff2212-20f3-4eb2-ba4a-8d7c5d259a35
23/03/2027,613.39,Generated transaction 447,8c44026d-7083-46e9-a4de-42aea0a71c3f
24/03/2027,614.76,Generated transaction 448,ee9a26a2-7fc8-497a-88b7-80bd08cbd250
25/03/2027,616.13,Generated transaction 449,881c8ed0-f0ba-4c6d-a613-b8aecc26161e
26/03/2027,617.50,Generated transaction 450,26cd377e-6797-4529-ab04-017c4fd5bb93
27/03/2027,618.87,Generated transaction 451,2783f77b-1788-41c7-b1ae-bdc08f420a06
28/03/2027,620.24,Generated transaction 452,9e4a444d-2879-4b9f-803a-8cb17835de8f
29/03/2027,621.61,Generated transaction 453,db87d5fc-ea45-45af-9b9d-67ef0e6a28b4
30/03/2027,622.98,Generated transaction 454,b7d3cd47-1e0e-418b-94dc-178053378fd1
31/03/2027,624.35,Generated transaction 455,ae3a6d27-bedb-48bd-9ff3-f15c513ca6db
01/04/2027,625.72,Generated transaction 456,30283ed6-2c44-4176-9059-dc06f358533f
02/04/2027,627.09,Generated transaction 457,ac265ba5-b8f9-4232-a7a8-290dbbbb995d
03/04/2027,628.46,Generated transaction 458,2b4f31c7-2645-48a8-9c97-2ac772d83c5f
04/04/2027,629.83,Generated transaction 459,15e32246-0416-45be-a44e-84990608b61f
05/04/2027,631.20,Generated transaction 460,ad6ea921-3791-4176-a498-6e1ee2ac9ec8
06/04/2027,632.57,Generated transaction 461,28c42cc5-e558-4ae9-aa88-58e69d8186e7
07/04/2027,633.94,Generated transaction 462,99e135cc-03c2-4560-9d21-8d07d2c6c1a6
08/04/2027,635.31,Generated transaction 463,d672e1e5-f7d2-4d07-8553-84cd2b60a3de
09/04/2027,636.68,Generated transaction 464,3f318933-a9db-4084-a70f-b8fbffc2673b
10/04/2027,638.05,Generated transaction 465,2cf2dc54-bbec-44cc-98a0-9fc8536e825e
11/04/2027,639.42,Generated transaction 466,4a94760a-5d2e-4739-a578-768ccc7cb8fa
12/04/2027,640.79,Generated transaction 467,9c2b2db4-f303-4035-994e-89160ec5157b
13/04/2027,642.16,Generated transaction 468,cbb72923-4439-4165-9681-05421abe5c81
14/04/2027,643.53,Generated transaction 469,94373d44-b073-408b-b043-5baa4ac00ff3
15/04/2027,644.90,Generated transaction 470,f41ba521-7f3c-4df0-bbba-1394e340b875
16/04/2027,646.27,Generated transaction 471,afe4a448-fbc4-4376-8df9-babf09fafe52
17/04/2027,647.64,Generated transaction 472,3e61e10e-4516-48fd-9531-3a1bc63cf82d
18/04/2027,649.01,Generated transaction 473,cb30ec55-e8b6-4ff3-ad22-5f3205cba3fe
19/04/2027,650.38,Generated transaction 474,9d6124e9-fee6-4c13-a36f-45d0154baa4a
20/04/2027,651.75,Generated transaction 475,63b1de7d-7aa1-47ac-8102-fcccb7ffaa7d
21/04/2027,653.12,Generated transaction 476,afd4adab-e7ea-4999-8743-bb5bbfd9f421
22/04/2027,654.49,Generated transaction 477,73ffeeed-93fb-437e-a927-0cb6c14dedcb
23/04/2027,655.86,Generated transaction 478,8ee96caa-3cca-4f36-8017-023756b32423
24/04/2027,657.23,Generated transaction 479,43e7aeb7-2c81-46a8-9031-8697029a68b3
25/04/2027,658.60,Generated transaction 480,46ea2de9-0734-48af-9b5c-eb223d8272b2
26/04/2027,659.97,Generated transaction 481,4314b28d-b2a1-4bad-aff0-b6cccf48fd2a
27/04/2027,661.34,Generated transaction 482,d07f2a3e-66c4-484a-831a-a2400708f074
28/04/2027,662.71,Generated transaction 483,40429817-c2b9-4f57-a8ac-ffca5b8e12bf
29/04/2027,664.08,Generated transaction 484,7908cc3f-7231-41ba-b46e-ea1c6fe62778
30/04/2027,665.45,Generated transaction 485,f0d4955f-79b8-4013-bbbd-4b1b6a70eeab
01/05/2027,666.82,Generated transaction 486,0272e6b7-198e-4d7b-a474-04a405d6f23f
02/05/2027,668.19,Generated transaction 487,810fc867-2ddd-4d08-8228-ce3b92c92767
03/05/2027,669.56,Generated transaction 488,2b67925e-46eb-4832-ba01-ba7004c93570
04/05/2027,670.93,Generated transaction 489,bd5e3da9-a414-415a-8b61-f9d6e4ba6398
05/05/2027,672.30,Generated transaction 490,f7defba9-d76f-4708-8fbb-62e480d5ad4f
06/05/2027,673.67,Generated transaction 491,b9de5df9-80bf-4227-b173-9ff173793a7e
07/05/2027,675.04,Generated transaction 492,8f50f571-3fa8-4391-8de4-3315986499d1
08/05/2027,676.41,Generated transaction 493,6d552a74-da45-4d5d-b7f7-ee75bfcf7b37
09/05/2027,677.78,Generated transaction 494,3ed48f97-e51f-4be4-b8e3-f3a3780ebfcf
10/05/2027,679.15,Generated transaction 495,6707f5b4-d29e-4358-b153-0660a18ea30e
11/05/2027,680.52,Generated transaction 496,090658ed-e426-47f0-ade6-c3780e657af0
12/05/2027,681.89,Generated transaction 497,9d397582-030f-4516-8b8c-cfc82a1bb78c
13/05/2027,683.26,Generated transaction 498,4eb2006d-a874-4c3f-87ff-25f070c1be3e
14/05/2027,684.63,Generated transaction 499,7d541e91-e613-4744-bf4e-8a396be8e3fb
15/05/2027,686.00,Generated transaction 500,6988409a-6658-46ae-a62e-98d8cf803e4c
16/05/2027,687.37,Generated transaction 501,8c9fa825-5124-4e43-a402-70a7089c5980
17/05/2027,688.74,Generated transaction 502,9f6d91ea-475d-4dab-ae08-8c727bff2d5f
18/05/2027,690.11,Generated transaction 503,328c0614-30d0-4023-9f5b-9a1a3faee1ab
19/05/2027,691.48,Generated transaction 504,404d659e-1641-4815-a028-246368149179
20/05/2027,692.85,Generated transaction 505,ed4f309c-8165-44e9-8553-6123875b6a42
21/05/2027,694.22,Generated transaction 506,a9595e69-0323-4ed7-bf26-7d4eab88dc81
22/05/2027,695.59,Generated transaction 507,242cbf99-4a12-4b8f-875e-db2f0f900ba7
23/05/2027,696.96,Generated transaction 508,d0485b9f-6d28-4ab2-a619-8eca2ae2e352
24/05/2027,698.33,Generated transaction 509,d19290f9-2c68-4865-94de-a6e747591fbf
25/05/2027,699.70,Generated transaction 510,eeb47b33-4dc9-4372-a5fa-3825b1e53564
26/05/2027,701.07,Generated transaction 511,15e9a5a8-01f0-416d-af67-08543c7eaa43
27/05/2027,702.44,Generated transaction 512,2cc25691-06a0-426e-a85d-50c590e69b25
28/05/2027,703.81,Generated transaction 513,1230a46f-4f6d-4364-a0f2-5f3ffae3de3d
29/05/2027,705.18,Generated transaction 514,809f5b3d-3b58-4f0a-b948-9f40994eaea6
30/05/2027,706.55,Generated transaction 515,3268df1d-146a-45ff-83fe-4483c758bf7b
31/05/2027,707.92,Generated transaction 516,1c2c6f4d-8eaf-47cc-872a-01fc38e6225d
01/06/2027,709.29,Generated transaction 517,744a0b4b-834c-4e58-ab53-f39e51e8ef1b
02/06/2027,710.66,Generated transaction 518,761aed86-4c11-40c4-8a51-abd43bc6f1e1
03/06/2027,712.03,Generated transaction 519,3f979422-b851-4728-892e-8e531ecb2aaa
04/06/2027,713.40,Generated transaction 520,fb145961-bce3-432c-992e-825f29ed5ee1
05/06/2027,714.77,Generated transaction 521,e43043f7-4fcb-4808-bccd-3852bfe10667
06/06/2027,716.14,Generated transaction 522,1822835f-08db-4296-86f7-0a262dd0043c
07/06/2027,717.51,Generated transaction 523,1fe99c4c-e29c-4c05-8ed0-1015dff3cf2f
08/06/2027,718.88,Generated transaction 524,4868834d-7a24-473a-98b0-952d8986b6b5
09/06/2027,720.25,Generated transaction 525,e75f6c43-6675-46d2-89c9-71b0847a0304
10/06/2027,721.62,Generated transaction 526,1b8a0fb7-82ba-47c4-8402-a6c8b0f2c103
11/06/2027,722.99,Generated transaction 527,14a1095c-5beb-4c20-9e8a-54332bc3dc2c
12/06/2027,724.36,Generated transaction 528,87135227-9fda-4eea-80ec-f1edac18d70a
13/06/2027,725.73,Generated transaction 529,137d503d-ff86-4a70-b066-bfa506f26ffe
14/06/2027,727.10,Generated transaction 530,87b1ba9e-9c98-4c36-ace2-680dcb482261
15/06/2027,728.47,Generated transaction 531,f49e2e83-95a8-4e46-a52a-608debf3a4bc
16/06/2027,729.84,Generated transaction 532,a5c01e97-dc4d-41cf-be96-37a5266692a8
17/06/2027,731.21,Generated transaction 533,fa56e086-a793-4824-8386-aa821febb8be
18/06/2027,732.58,Generated transaction 534,dc5f0e00-ac8a-41c6-bfef-0e11855c700d
19/06/2027,733.95,Generated transaction 535,5285b638-569d-48b8-a578-da606b0513bf
20/06/2027,735.32,Generated transaction 536,3d923b28-dc02-4705-8a6f-ae3de7468141
21/06/2027,736.69,Generated transaction 537,4e29ee12-de95-4f60-88c2-54dfd6ff1293
22/06/2027,738.06,Generated transaction 538,2ddd3501-05d6-49dc-8071-7099753b81d8
23/06/2027,739.43,Generated transaction 539,641b233b-f78f-41a4-8089-9ead2406e835
24/06/2027,740.80,Generated transaction 540,1b16a252-01c5-4d2f-992c-47c3679fd571
25/06/2027,742.17,Generated transaction 541,42d0003b-5bf0-443f-875a-eadc0766ebf4
26/06/2027,743.54,Generated transaction 542,9eead7ad-c466-4756-befb-32564f5c5570
27/06/2027,744.91,Generated transaction 543,8f605fe9-e025-4353-84de-966337a0ae8c
28/06/2027,746.28,Generated transaction 544,a14c5b72-33e0-4c34-9fb7-e1a7d9648321
29/06/2027,747.65,Generated transaction 545,68d060e0-dbd3-40f2-8383-f5fd18b9e412
30/06/2027,749.02,Generated transaction 546,4c5065eb-7ca2-4907-a9a4-b6a04f911a67
01/07/2027,750.39,Generated transaction 547,a1fd8247-4f21-4f4d-8469-8e42fd780a68
02/07/2027,751.76,Generated transaction 548,948a4fec-f03f-4796-a37f-bf3d29628523
03/07/2027,753.13,Generated transaction 549,e6a17f7d-2152-4766-9acc-4aa19cc667a2
04/07/2027,754.50,Generated transaction 550,549e4fa2-52b9-415f-a947-3fc2d3961997
05/07/2027,755.87,Generated transaction 551,b3634c45-7f0c-4aef-862d-ef5b6a01eca0
06/07/2027,757.24,Generated transaction 552,703e278a-28ea-40de-999d-225e7a9b1051
07/07/2027,758.61,Generated transaction 553,2c24e543-a33e-4a3e-aeba-598dea95d58e
08/07/2027,759.98,Generated transaction 554,05cc8840-a254-42f9-8c56-bf9a99c773f4
09/07/2027,761.35,Generated transaction 555,01f85757-05b3-475b-bc12-55d6eab6322a
10/07/2027,762.72,Generated transaction 556,9c211b81-4668-4716-8b80-70f7715f5714
11/07/2027,764.09,Generated transaction 557,2bd17939-9919-4762-ad1e-355ee2178021
12/07/2027,765.46,Generated transaction 558,f9548c8b-f226-4e16-879f-bcd33c100127
13/07/2027,766.83,Generated transaction 559,830ce756-47db-46a7-b9e9-a0c2d5ac82a7
14/07/2027,768.20,Generated transaction 560,cf6f75aa-27f7-4bf8-b5ec-c19927f83f2f
15/07/2027,769.57,Generated transaction 561,9a433501-bdda-43c9-ba5d-303f9b86148f
16/07/2027,770.94,Generated transaction 562,21e2daeb-817f-4d12-9b42-6c9d8ff98a83
17/07/2027,772.31,Generated transaction 563,135d5dc4-b512-436b-bce0-bd2cb1fe58c5
18/07/2027,773.68,Generated transaction 564,e484ab1f-f3e1-43c0-9030-f05c15410680
19/07/2027,775.05,Generated transaction 565,6417e39c-8f88-4bb5-aa65-91e067af43d5
20/07/2027,776.42,Generated transaction 566,5fdb9ca3-b67a-49c0-b724-597b60f0d978
21/07/2027,777.79,Generated transaction 567,4ac8e96c-f554-4a65-9098-ace6a9c7a66f
22/07/2027,779.16,Generated transaction 568,96da4485-271c-424e-ab8d-a92d891f4c23
23/07/2027,780.53,Generated transaction 569,f6d5d510-5dbf-49ad-bf53-c2b36993ce21
24/07/2027,781.90,Generated transaction 570,cf06dae3-e966-4b4e-a43f-a2b198e2d574
25/07/2027,783.27,Generated transaction 571,d55da595-263e-40af-8a1a-5430d60150e7
26/07/2027,784.64,Generated transaction 572,a1605d48-5ed7-4949-b564-c0daba8ffd05
27/07/2027,786.01,Generated transaction 573,28704070-b67d-4ace-a028-1fdc1399fc9c
28/07/2027,787.38,Generated transaction 574,60bfe0c7-e201-406b-985c-53a6fa5b5283
29/07/2027,788.75,Generated transaction 575,d24c1187-349b-41e4-8e93-009a1b8a1bcf
30/07/2027,790.12,Generated transaction 576,90e27c8b-c6cf-46c0-8e3d-cf57e019eafe
31/07/2027,791.49,Generated transaction 577,e83470d9-09ce-4640-a874-15427b77ed12
01/08/2027,792.86,Generated transaction 578,20c0b261-ffbc-4285-82fe-a6701ab86bc3
02/08/2027,794.23,Generated transaction 579,240bcdb9-cefd-43be-9a06-6cc230f6fd58
03/08/2027,795.60,Generated transaction 580,b30fb0aa-5174-470b-91ad-4b1cb7698458
04/08/2027,796.97,Generated transaction 581,d29bb7a5-d703-44aa-b59e-29908dfa3612
05/08/2027,798.34,Generated transaction 582,57caec75-e4c8-4dbb-989f-6b530fe3849d
06/08/2027,799.71,Generated transaction 583,d39c21a2-1acf-4e0e-ad2b-2165e1e7513c
07/08/2027,801.08,Generated transaction 584,33927c0c-317f-463e-a77c-b73ea57f17eb
08/08/2027,802.45,Generated transaction 585,0c91cf75-80be-4555-b14c-448cf02149f0
09/08/2027,803.82,Generated transaction 586,9899eca8-e072-4716-b665-f5c0529c8014
10/08/2027,805.19,Generated transaction 587,fd29ef9e-0333-40f1-a140-3cf285ec0488
11/08/2027,806.56,Generated transaction 588,8e95babc-e535-49bb-8e25-39f774779f9f
12/08/2027,807.93,Generated transaction 589,15ce71c4-78cf-4881-9ba3-de2bff9a6a13
13/08/2027,809.30,Generated transaction 590,618dc2bf-7700-4f43-aee5-eeb8b502dd7b
14/08/2027,810.67,Generated transaction 591,4b9c40d1-32f5-4c27-81fc-589bf36fc6e7
15/08/2027,812.04,Generated transaction 592,47f47251-586c-429f-954e-163e34a982ee
16/08/2027,813.41,Generated transaction 593,5bb14aa7-6550-46af-8061-6fddcd95086f
17/08/2027,814.78,Generated transaction 594,78f195a3-e25c-40fd-bc2e-4f26ab6be621
18/08/2027,816.15,Generated transaction 595,8590e60b-c02a-4136-b962-f19501220418
19/08/2027,817.52,Generated transaction 596,6ebacc4b-fc2f-4876-8675-9ec286a40f5a
20/08/2027,818.89,Generated transaction 597,edb8dff7-f089-41a4-92fd-ad54befb02b9
21/08/2027,820.26,Generated transaction 598,2ef4093e-20ed-4923-949e-c8011f410049
22/08/2027,821.63,Generated transaction 599,dc73fd47-807b-498c-aadd-9ec9d20cd494
23/08/2027,823.00,Generated transaction 600,f01ea68f-6207-4360-a5dc-6a739dddc60a
24/08/2027,824.37,Generated transaction 601,43946346-8ac4-42f5-810c-c79a4b171fb5
25/08/2027,825.74,Generated transaction 602,4b7951b4-7a25-4dd1-bc5a-37b190e5f07f
26/08/2027,827.11,Generated transaction 603,de3155e5-f4f5-412c-95a5-1ea2331367e1
27/08/2027,828.48,Generated transaction 604,9d63af9f-ecb9-4807-83a2-07a8f4304178
28/08/2027,829.85,Generated transaction 605,a5f7dd62-fcea-4526-ba0c-aeb1e47d4d4e
29/08/2027,831.22,Generated transaction 606,887d52fe-07e7-491d-93d9-c40d61b45682
30/08/2027,832.59,Generated transaction 607,0c12379b-35a9-483b-ac43-dc750e615977
31/08/2027,833.96,Generated transaction 608,7b1fc1e6-6569-46f0-a8c1-e270d12f16cf
01/09/2027,835.33,Generated transaction 609,4411d13a-a2b0-420a-ad53-a9966e2ace8b
02/09/2027,836.70,Generated transaction 610,a7f89e83-4da1-479f-b03c-ab6f780b9ab2
03/09/2027,838.07,Generated transaction 611,a4b5c5b8-30d8-483b-8f64-4eef8874633d
04/09/2027,839.44,Generated transaction 612,e0c26c65-f97d-4f77-881f-7ccd6c234951
05/09/2027,840.81,Generated transaction 613,cee17bf5-ecc2-4d1e-b55a-ac14a2c19b0a
06/09/2027,842.18,Generated transaction 614,629b6a7b-f0bb-429f-a8fa-7bd4b76ae003
07/09/2027,843.55,Generated transaction 615,2162991f-9c5c-41d4-8b95-1e3976374494
08/09/2027,844.92,Generated transaction 616,5319353f-dc60-4eb2-86a6-0a46c4be5cbd
09/09/2027,846.29,Generated transaction 617,278498fd-ff61-4a8f-8053-64aba7363d62
10/09/2027,847.66,Generated transaction 618,f6aae901-39f3-4154-99d9-8e9a1ff3de94
11/09/2027,849.03,Generated transaction 619,f8da2743-e933-4a4e-810b-79a0b7333c85
12/09/2027,850.40,Generated transaction 620,0c0b7e91-cee6-4435-bc62-b0d1a8d44d08
13/09/2027,851.77,Generated transaction 621,570b84a1-9201-4a0e-a9f2-83612daa0b91
14/09/2027,853.14,Generated transaction 622,7066f1f7-9fc4-4519-b251-8c4a8daa7bc4
15/09/2027,854.51,Generated transaction 623,fda305f2-956e-4c3d-9057-6102d28533b0
16/09/2027,855.88,Generated transaction 624,9cdc4f3d-45d2-4da3-9e2d-9717fecc7f62
17/09/2027,857.25,Generated transaction 625,08d9c3a9-b4b4-40a8-b170-66c7f60041dd
18/09/2027,858.62,Generated transaction 626,f9557abf-cec0-49f8-ba34-146ac171760f
19/09/2027,859.99,Generated transaction 627,92fa8fe1-9a2c-4d27-b2ed-a365d587ffd1
20/09/2027,861.36,Generated transaction 628,b75f908f-2aaa-4d1b-bd49-b4e1d116193f
21/09/2027,862.73,Generated transaction 629,edaf36d6-5450-4a95-80bc-8520c45b56b8
22/09/2027,864.10,Generated transaction 630,d64f94c3-5487-43b9-bca4-2c075b435e67
23/09/2027,865.47,Generated transaction 631,3bc89387-ea8f-4bd8-bf5f-e5eaff1fa404
24/09/2027,866.84,Generated transaction 632,4f58537b-1109-4657-a746-c99358829dfc
25/09/2027,868.21,Generated transaction 633,0ebbbf83-d264-47bd-9e93-779d4aa152d1
26/09/2027,869.58,Generated transaction 634,2c7952be-06be-438f-bbdc-6fe829d5cab7
27/09/2027,870.95,Generated transaction 635,b1466936-58f8-41b8-ac5b-a093b73faf1e
28/09/2027,872.32,Generated transaction 636,cd79bf37-c8fe-4975-8836-d59f6aadb7a2
29/09/2027,873.69,Generated transaction 637,717a3a99-00f0-4706-8ef0-da18c4848928
30/09/2027,875.06,Generated transaction 638,8d5d9f6b-3095-4e13-9f8c-8508368d64c6
01/10/2027,876.43,Generated transaction 639,803567e5-85da-458e-9254-dc2f4d5f9355
02/10/2027,877.80,Generated transaction 640,a561c1f1-252a-4a07-a167-de311e5ef852
03/10/2027,879.17,Generated transaction 641,88e50490-6934-4df6-b24e-e4098e415dfa
04/10/2027,880.54,Generated transaction 642,57e88c2e-e821-477b-8f9d-449aa63e46bf
05/10/2027,881.91,Generated transaction 643,8c3dfef6-b9af-4c32-be09-50e2675a7fa4
06/10/2027,883.28,Generated transaction 644,4e437843-77ca-42c8-bfda-9568e43ae3cf
07/10/2027,884.65,Generated transaction 645,d79e868d-cc9d-428c-b8af-795cf169e651
08/10/2027,886.02,Generated transaction 646,946d21ae-ea3a-4539-957b-49bf5eddd1e2
09/10/2027,887.39,Generated transaction 647,c293cf10-9d27-4aef-89ce-261960939f1d
10/10/2027,888.76,Generated transaction 648,76d77df3-95f9-43e7-8b81-bd45d14c8db7
11/10/2027,890.13,Generated transaction 649,e1b2955e-6c44-4925-ae2e-495bae266594
12/10/2027,891.50,Generated transaction 650,0b01431d-8fb0-44f7-aa53-f574749e7fd6
13/10/2027,892.87,Generated transaction 651,0174e2ea-ea71-4f4a-a9ab-62ff68af3534
14/10/2027,894.24,Generated transaction 652,5982f1e0-d223-4c49-9802-0310905f940a
15/10/2027,895.61,Generated transaction 653,f60a1bf1-86f4-4b3d-abe4-471e23a90589
16/10/2027,896.98,Generated transaction 654,002628fd-2431-4963-9a79-f717bbc79033
17/10/2027,898.35,Generated transaction 655,7363e4ad-f6d3-4df9-8a81-4f91fae0957a
18/10/2027,899.72,Generated transaction 656,72cec838-c185-4212-8c00-3744471b589d
19/10/2027,901.09,Generated transaction 657,daa9ee8e-e477-48a5-9410-5b84e76452b0
20/10/2027,902.46,Generated transaction 658,9687c1ec-9ca8-4b73-866f-dd4ae33606cb
21/10/2027,903.83,Generated transaction 659,30bb1fe3-b561-445f-860f-b3842ae08a1e
22/10/2027,905.20,Generated transaction 660,4ae8f74d-b50a-449f-851a-5e30e324d867
23/10/2027,906.57,Generated transaction 661,52000a37-d9c7-495e-b264-3c3b4abe2339
24/10/2027,907.94,Generated transaction 662,8566d6b5-ce20-4509-b6a0-f8f56d6fc653
25/10/2027,909.31,Generated transaction 663,ddfe025e-f577-43e8-be41-01a565323ce3
26/10/2027,910.68,Generated transaction 664,28d25edc-106a-4fa1-be2c-a159ba324917
27/10/2027,912.05,Generated transaction 665,b0775926-3a7c-47ab-abbc-5784d3e4036a
28/10/2027,913.42,Generated transaction 666,32a97dd8-b6b4-413f-bfee-1bfee0c5fed1
29/10/2027,914.79,Generated transaction 667,3ba3fff0-bde1-4945-a499-9fd4cfa21847
30/10/2027,916.16,Generated transaction 668,d68c2fdb-187b-4ff1-a969-bff6ec2c1e0a
31/10/2027,917.53,Generated transaction 669,17c86544-7ad0-4a5d-92ad-a2d2c21bd034
01/11/2027,918.90,Generated transaction 670,aa9ca3a2-5aa3-4d44-8953-8fb52cbc2dc5
02/11/2027,920.27,Generated transaction 671,5cb935d2-36ba-4367-b017-d62d27207547
03/11/2027,921.64,Generated transaction 672,362ad13c-6405-4e29-941b-32afba3e9fc1
04/11/2027,923.01,Generated transaction 673,ae0e3e0d-bb5a-4b10-ba58-f32b264b30ae
05/11/2027,924.38,Generated transaction 674,95a5e0f7-d020-4118-a10a-7e535b01f239
06/11/2027,925.75,Generated transaction 675,17c52c18-6db7-43ad-af1b-1f59f9649f59
07/11/2027,927.12,Generated transaction 676,2499a2dd-f967-4f05-a905-27c66eef3e22
08/11/2027,928.49,Generated transaction 677,27eebff6-e2fd-43f1-9262-2f6465ecd537
09/11/2027,929.86,Generated transaction 678,e543dc90-b215-4f4f-b99e-809395066f97
10/11/2027,931.23,Generated transaction 679,a9ac2b07-0148-4934-88d6-299c90fd89d8
11/11/2027,932.60,Generated transaction 680,26dbfce7-de3d-4a96-ada2-b59107fda891
12/11/2027,933.97,Generated transaction 681,c62b3de4-b818-41fb-8660-0b20f3608842
13/11/2027,935.34,Generated transaction 682,73a13479-aa54-4d75-b771-9f9cef29185d
14/11/2027,936.71,Generated transaction 683,54cc0768-da3e-4ff3-b2ce-63dfbe50ab84
15/11/2027,938.08,Generated transaction 684,5625bf88-2e2a-47e7-bf83-b6aa89f008e8
16/11/2027,939.45,Generated transaction 685,5021abb3-db24-41e2-aa62-5a6d1f91e782
17/11/2027,940.82,Generated transaction 686,91bf57a1-34b0-4b64-91e7-93d717337143
18/11/2027,942.19,Generated transaction 687,4334b7b0-2f5c-4d92-9972-820f1ea122a1
19/11/2027,943.56,Generated transaction 688,8f9116d2-1797-4a74-9e41-4c2cf1d2b876
20/11/2027,944.93,Generated transaction 689,702c9ec4-2483-4816-822a-d32ce47c5d0a
21/11/2027,946.30,Generated transaction 690,3438eaa7-f551-49d6-b882-3370a269d6fd
22/11/2027,947.67,Generated transaction 691,a4e3e9f3-9128-40c3-9767-4c85bb7ca8c6
23/11/2027,949.04,Generated transaction 692,1c5a25dd-8329-4d70-ab96-f9dae27d5ccf
24/11/2027,950.41,Generated transaction 693,35adb989-4723-46db-b035-1ccc088dc587
25/11/2027,951.78,Generated transaction 694,4c00719d-42ca-45fa-a04b-76ef04770bf1
26/11/2027,953.15,Generated transaction 695,8360c67c-8553-43e8-a935-99d581dd9a22
27/11/2027,954.52,Generated transaction 696,04982321-5dc6-4dd1-b26a-4b5b37ed642f
28/11/2027,955.89,Generated transaction 697,5d1f68df-b5ed-4794-8bca-83f66a07bde0
29/11/2027,957.26,Generated transaction 698,ab85abe4-dc8f-4266-a4df-66fd8c931fe0
30/11/2027,958.63,Generated transaction 699,8bd5926d-9a06-43d2-a78f-3762c8c31a9b
01/12/2027,960.00,Generated transaction 700,c88fd56f-ae62-404b-a100-1ffcdaaa4531
02/12/2027,961.37,Generated transaction 701,fd1b7812-6dda-4afa-91cc-8e8c92f041e1
03/12/2027,962.74,Generated transaction 702,774115d9-32af-4994-8e7a-231292821923
04/12/2027,964.11,Generated transaction 703,62f2e6ca-c8ba-469f-8d61-c22e4d46a902
05/12/2027,965.48,Generated transaction 704,5767eafb-8094-4516-8a25-3d7b493a9db2
06/12/2027,966.85,Generated transaction 705,b36e64b5-b03d-430c-a11a-7b1b029a0572
07/12/2027,968.22,Generated transaction 706,7add2f8c-6f15-4936-869b-24051ce620c6
08/12/2027,969.59,Generated transaction 707,5370613c-3492-4e13-8f04-3f50f471b563
09/12/2027,970.96,Generated transaction 708,1d9d11d3-be3d-4d0e-b23f-6380608a409e
10/12/2027,972.33,Generated transaction 709,3af5bda2-7268-4165-9c18-08cc1845b863
11/12/2027,973.70,Generated transaction 710,834f713d-27a1-40ba-8f5d-a153d95aa632
12/12/2027,975.07,Generated transaction 711,137b0656-7c42-4c69-99cc-7c4c62fced62
13/12/2027,976.44,Generated transaction 712,6aa5bfaa-e139-4957-b005-0a8804dd73f3
14/12/2027,977.81,Generated transaction 713,41f9130d-ee8f-426f-a683-05db686e625a
15/12/2027,979.18,Generated transaction 714,eb015217-b45d-470f-9fff-bd550ec516a0
16/12/2027,980.55,Generated transaction 715,79f51ff8-2283-4059-906a-f7a4ecfd0e72
17/12/2027,981.92,Generated transaction 716,80a0f771-c350-4540-8b7d-95a20e089696
18/12/2027,983.29,Generated transaction 717,5a8b460f-1968-4bf7-8d0b-18666ae226ea
19/12/2027,984.66,Generated transaction 718,804986ea-313e-4ed7-b085-b61fe2803f5c
20/12/2027,986.03,Generated transaction 719,a87411cb-2de6-4af3-af6e-4df1ec65ca0a
21/12/2027,987.40,Generated transaction 720,f531532f-b3e7-4566-86d7-f0fb2b9d41e6
22/12/2027,988.77,Generated transaction 721,812f3fad-8acd-4b5a-89ee-5fe7f1bfa1ca
23/12/2027,990.14,Generated transaction 722,840a405f-66a5-4450-b8be-da9826945e99
24/12/2027,991.51,Generated transaction 723,cde41225-fc25-46de-a338-4f6a838a292c
25/12/2027,992.88,Generated transaction 724,918efdfd-3325-467e-897c-34a6cee21550
26/12/2027,994.25,Generated transaction 725,301cd88a-bb9a-4848-aba3-f8a830005171
27/12/2027,995.62,Generated transaction 726,1ef19556-1b61-4c1f-9cb2-9d5763620267
28/12/2027,996.99,Generated transaction 727,53d6e498-5a21-441a-970f-d60264e43429
29/12/2027,998.36,Generated transaction 728,7b8b7a97-8c80-42f7-9b19-b841e1f711b8
30/12/2027,999.73,Generated transaction 729,d81da5a4-80c6-46bb-b5ee-12a0747a9b01
31/12/2027,1001.10,Generated transaction 730,7289e86f-d78e-41c8-88c0-c89c2bb87b79
01/01/2028,1002.47,Generated transaction 731,adc88303-2c0a-4246-8d7c-f69655e38cdc
02/01/2028,1003.84,Generated transaction 732,66d66d11-c965-41f1-965b-1d1f6fd2f14a
03/01/2028,1005.21,Generated transaction 733,91517baa-ac45-4aaf-b610-4f4ef2c8d718
04/01/2028,1006.58,Generated transaction 734,af4c48cc-efcf-46e9-b42a-bb49abc5c219
05/01/2028,1007.95,Generated transaction 735,27f2221e-19e7-41f8-85cd-bcb720958ffe
06/01/2028,1009.32,Generated transaction 736,49b0174c-036a-4cb6-9eb9-13b66abaa66e
07/01/2028,1010.69,Generated transaction 737,beda7833-d5c4-4f01-bbc5-863f40ad39d3
08/01/2028,1012.06,Generated transaction 738,ee9a6de5-5895-4189-84f0-29b855b68321
09/01/2028,1013.43,Generated transaction 739,2913aa4a-63f8-4228-80b7-8dd628b6e66b
10/01/2028,1014.80,Generated transaction 740,9a666bbf-2532-4a8f-85e5-13cc8ec08c15
11/01/2028,1016.17,Generated transaction 741,e43ee7d9-3744-492a-93e9-1d60dcbeefd2
12/01/2028,1017.54,Generated transaction 742,2e8fb2e7-72e8-4e11-91de-6c745682b4b5
13/01/2028,1018.91,Generated transaction 743,c6554560-3a19-48a6-b54f-7afade235ffd
14/01/2028,1020.28,Generated transaction 744,c5c2ca0a-d79d-4ff8-af17-48e19b03e706
15/01/2028,1021.65,Generated transaction 745,3536fbdc-dcc7-48ee-b2c1-98bf8b7ba180
16/01/2028,1023.02,Generated transaction 746,77f41dd3-8569-4092-8e27-1c4384793c23
17/01/2028,1024.39,Generated transaction 747,a82abfb7-f52d-4e3b-aaa7-da07b4ced9f1
18/01/2028,1025.76,Generated transaction 748,ee8041a6-6cf2-44bc-95f8-827207dd9b2f
19/01/2028,1027.13,Generated transaction 749,40ad2a89-0f7f-4148-8951-8f688c5738e7
20/01/2028,1028.50,Generated transaction 750,2a3a545e-9a63-4bc6-a521-7b9446fee944
21/01/2028,1029.87,Generated transaction 751,8768cd14-ada3-4af4-a827-e1af4b85969f
22/01/2028,1031.24,Generated transaction 752,5cc796aa-1cbf-47dc-b95b-09d24e51b4ea
23/01/2028,1032.61,Generated transaction 753,4c301f28-62ed-45f6-bedd-68c16d65a61f
24/01/2028,1033.98,Generated transaction 754,5c98359f-dbc4-4f25-9745-7fbbeec8e91f
25/01/2028,1035.35,Generated transaction 755,a5bbb7ed-a3ef-4757-b0e0-9fb5e72d8475
26/01/2028,1036.72,Generated transaction 756,5d8c5a2d-4f3d-4de8-adcd-0605345c8837
27/01/2028,1038.09,Generated transaction 757,87871fa8-fc2b-4606-8fc6-d67b0a13cbc2
28/01/2028,1039.46,Generated transaction 758,a3bd8fb0-c4e7-4f59-9f1b-d6de9098d689
29/01/2028,1040.83,Generated transaction 759,2b07384b-1148-4c87-81d8-8a34f26569aa
30/01/2028,1042.20,Generated transaction 760,837e1a1e-68fe-492d-b361-57c3997f9f20
31/01/2028,1043.57,Generated transaction 761,be2c402c-de88-417f-b52f-a78436405b48
01/02/2028,1044.94,Generated transaction 762,ea783857-30d3-4924-a89f-e512975c40a8
02/02/2028,1046.31,Generated transaction 763,f896b474-0f3a-49f7-8a35-e5e2031cba4a
03/02/2028,1047.68,Generated transaction 764,3e0dc632-4c31-4e70-bf3e-417fccf19efd
04/02/2028,1049.05,Generated transaction 765,32fda3b8-fec5-4134-be78-cf742c0ff31e
05/02/2028,1050.42,Generated transaction 766,5bd66d28-8245-4a6d-af70-baceb437e23f
06/02/2028,1051.79,Generated transaction 767,712940f4-aad9-490b-ac75-b09c9f2d2981
07/02/2028,1053.16,Generated transaction 768,f64176ee-3c58-47b6-9827-a0c0eac3bb5f
08/02/2028,1054.53,Generated transaction 769,5b9f29d4-ce11-4382-8a14-e1366111d487
09/02/2028,1055.90,Generated transaction 770,7812ef17-3832-45ac-851d-acb191306cfe
10/02/2028,1057.27,Generated transaction 771,e2cc9c9a-78a3-48ef-a130-a56af22b6bed
11/02/2028,1058.64,Generated transaction 772,d0546e82-6bb8-4a7d-bf2c-83fb5e685ae9
12/02/2028,1060.01,Generated transaction 773,b5bad824-19f9-4db4-b265-3a2e0bc88016
13/02/2028,1061.38,Generated transaction 774,f73a136b-5274-49f7-80ef-e426c8c7ef5b
14/02/2028,1062.75,Generated transaction 775,8e984766-6705-43b4-94d9-c65fbef05daf
15/02/2028,1064.12,Generated transaction 776,a7cbae6e-229f-4833-ac7f-e6829cf3811e
16/02/2028,1065.49,Generated transaction 777,116090e0-5314-4ce9-8f12-525be1b9c87d
17/02/2028,1066.86,Generated transaction 778,be9f3f58-e2e8-40a6-8815-fa3266fde739
18/02/2028,1068.23,Generated transaction 779,a74aa2da-cc23-444b-a033-34ae50931046
19/02/2028,1069.60,Generated transaction 780,726d9783-63c5-4c81-acf8-a58bd7471dbd
20/02/2028,1070.97,Generated transaction 781,e1516d70-2932-4ffd-9ab8-8e93ab7b6535
21/02/2028,1072.34,Generated transaction 782,de4261a7-bdd6-426d-9909-8cb05bf64c52
22/02/2028,1073.71,Generated transaction 783,20a3ac83-6ab6-4ce8-a886-ae982e7a29ba
23/02/2028,1075.08,Generated transaction 784,a7ad7d34-076e-44ab-a836-6bdce91aa567
24/02/2028,1076.45,Generated transaction 785,6f9d374a-b568-4457-a302-581dee247d94
25/02/2028,1077.82,Generated transaction 786,b69573c8-e116-49a0-a9e8-db7554835276
26/02/2028,1079.19,Generated transaction 787,d404a681-8435-4809-bfd5-0008c5c94a97
27/02/2028,1080.56,Generated transaction 788,2fcf47f1-de4e-4045-802b-3234b34e4adb
28/02/2028,1081.93,Generated transaction 789,acb30627-a8db-483e-ab19-aeb0f90cbb18
29/02/2028,1083.30,Generated transaction 790,8932f410-6779-4003-92d3-5794baae3dbf
01/03/2028,1084.67,Generated transaction 791,b1146022-f670-4fa2-88df-94f69862c835
02/03/2028,1086.04,Generated transaction 792,c4e91743-d545-4b8b-94a3-5e24939375fc
03/03/2028,1087.41,Generated transaction 793,ac36db89-d332-41e8-b34b-e0176f2f4046
04/03/2028,1088.78,Generated transaction 794,3b85d9b1-553b-45b8-a29d-64f5dc415a7b
05/03/2028,1090.15,Generated transaction 795,bd59c54a-2d99-44c3-9925-a7a2d4bac9d7
06/03/2028,1091.52,Generated transaction 796,3aae6201-e5e2-4a47-b485-c594af5b9353
07/03/2028,1092.89,Generated transaction 797,d021fe25-a6eb-494b-8f1b-c083e715c776
08/03/2028,1094.26,Generated transaction 798,e15bff79-7faf-4946-9da2-4d3cda293751
09/03/2028,1095.63,Generated transaction 799,2b2600ad-a536-4c96-97f1-051f911820a3
10/03/2028,1097.00,Generated transaction 800,d6e61078-7c63-4366-8ea5-adcffbc37097
11/03/2028,1098.37,Generated transaction 801,9fa7e120-5107-44fe-b018-c3a7e4d73eff
12/03/2028,1099.74,Generated transaction 802,ef9dc982-771d-442c-a989-cede503d7e7a
13/03/2028,1101.11,Generated transaction 803,cffe67b4-28be-492c-88fa-81fc0d04454d
14/03/2028,1102.48,Generated transaction 804,1e5bd012-529b-4214-a509-5b763de0a9de
15/03/2028,1103.85,Generated transaction 805,2876c495-6f3f-4585-91ea-e7cd27e4b37a
16/03/2028,1105.22,Generated transaction 806,d6b92b45-a639-4997-bee5-d958071f0d12
17/03/2028,1106.59,Generated transaction 807,d18994a0-653b-4536-bbf7-7da39486d276
18/03/2028,1107.96,Generated transaction 808,05d8bedd-77a5-42c4-b4c8-0b3b2a9f34a6
19/03/2028,1109.33,Generated transaction 809,4f4635d4-4667-446d-996d-8212faa0b006
20/03/2028,1110.70,Generated transaction 810,cd19e66f-f6fb-40e5-8bc5-edcb002569d2
21/03/2028,1112.07,Generated transaction 811,01e5ebb8-7b06-4421-beff-a52f9d29f63f
22/03/2028,1113.44,Generated transaction 812,7289bc59-4c1e-4c2c-ad72-d825af582fa5
23/03/2028,1114.81,Generated transaction 813,c2a4f7f7-2828-4f62-a571-d235dda9173b
24/03/2028,1116.18,Generated transaction 814,26db16f4-8192-4e57-b610-e72c752fc4cd
25/03/2028,1117.55,Generated transaction 815,40c5492f-428c-45ef-8f1c-14e7239485a1
26/03/2028,1118.92,Generated transaction 816,7298de51-1f06-421d-96e0-9827da8d9ef5
27/03/2028,1120.29,Generated transaction 817,8a73f198-6be6-478b-8df6-ef21c322f600
28/03/2028,1121.66,Generated transaction 818,3be0083a-7feb-4d9f-9031-178fd00c4f69
29/03/2028,1123.03,Generated transaction 819,203848d4-3d90-41c0-a0a4-31c7b0395af8
30/03/2028,1124.40,Generated transaction 820,e76f3e31-ee21-416e-8990-c954dc9fe30c
31/03/2028,1125.77,Generated transaction 821,2c59f82f-2ba6-45d0-8ebd-6592436623c1
01/04/2028,1127.14,Generated transaction 822,4b7fcc5a-dad4-4720-9c21-450a3dff1340
02/04/2028,1128.51,Generated transaction 823,1e34a2fa-bc6b-48ba-90c6-69276d6927ce
03/04/2028,1129.88,Generated transaction 824,eef79774-9d02-4186-84d4-92648d50897f
04/04/2028,1131.25,Generated transaction 825,fcfaeffb-883e-467d-b7f5-746674179fbb
05/04/2028,1132.62,Generated transaction 826,aada3e95-82ec-4dcb-8b67-e0bbd4d4d078
06/04/2028,1133.99,Generated transaction 827,ab99d6a3-aa94-40cb-8843-b266b0ee95a0
07/04/2028,1135.36,Generated transaction 828,795666b2-c0bb-41a6-b0bb-1807c702b0cf
08/04/2028,1136.73,Generated transaction 829,53304c30-e2d9-47a7-89bc-ed9e798eb825
09/04/2028,1138.10,Generated transaction 830,16a3d92a-b0d2-4f59-9809-ad3062db2750
10/04/2028,1139.47,Generated transaction 831,0fd9fb7d-f2d6-46f8-90e6-5fcabd530639
11/04/2028,1140.84,Generated transaction 832,98003e9e-ad18-482b-aae2-f96085aaa784
12/04/2028,1142.21,Generated transaction 833,a32e714c-412a-4cbd-848b-cd546c3b1e35
13/04/2028,1143.58,Generated transaction 834,9a503108-2018-4c8d-b645-a6f606da8350
14/04/2028,1144.95,Generated transaction 835,47d83eb3-524e-4077-b90c-e5f05a657357
15/04/2028,1146.32,Generated transaction 836,8077db66-5fde-4d59-ad7b-4047a2096ac0
16/04/2028,1147.69,Generated transaction 837,9c7f5f3f-7961-4480-b39c-39a7582b7a09
17/04/2028,1149.06,Generated transaction 838,07a1f7c3-893f-4e4f-9259-2931024e7574
18/04/2028,1150.43,Generated transaction 839,b4e5e64a-4e5c-4de6-8487-206f07f4171d
19/04/2028,1151.80,Generated transaction 840,4e60412c-7a33-4849-9342-ade5aa725ab7
20/04/2028,1153.17,Generated transaction 841,7d9e98fa-03d6-4fb2-9fef-6900f52a4dac
21/04/2028,1154.54,Generated transaction 842,7ea9098e-d79f-47dd-a17f-5b0396cf409a
22/04/2028,1155.91,Generated transaction 843,731e32dd-fb37-40bc-9f41-6ab467700cbf
23/04/2028,1157.28,Generated transaction 844,5f10a330-fefa-434d-bf9c-3ba91199bd4a
24/04/2028,1158.65,Generated transaction 845,9abf8abb-f23a-4b80-9f2f-b91a609c0288
25/04/2028,1160.02,Generated transaction 846,e724770b-ffff-4aec-83b5-fe21b9aa5331
26/04/2028,1161.39,Generated transaction 847,29793483-dc9c-46da-b6ba-27f6f4e803c3
27/04/2028,1162.76,Generated transaction 848,c11cda7d-7047-437a-99f4-9d5cb3e8204f
28/04/2028,1164.13,Generated transaction 849,b898d77a-987e-47e7-9742-5fedb17572a0
29/04/2028,1165.50,Generated transaction 850,e3e76c56-8813-46c8-8f51-795026648866
30/04/2028,1166.87,Generated transaction 851,941be441-6271-4a28-8ce0-6d8c9e890ab5
01/05/2028,1168.24,Generated transaction 852,f39b8087-3e63-4398-8403-b7041e47240d
02/05/2028,1169.61,Generated transaction 853,c070f310-a73e-40da-92d3-6ab8fe8be753
03/05/2028,1170.98,Generated transaction 854,79223b24-82b8-42cb-8062-999c302d7a90
04/05/2028,1172.35,Generated transaction 855,e5b36bba-103f-4107-b4ff-2d309638a100
05/05/2028,1173.72,Generated transaction 856,ffdf8fb0-82f5-4570-aa92-e7cb0a4396ba
06/05/2028,1175.09,Generated transaction 857,a6f37670-10c7-4772-a0f3-c07a2a4dc79d
07/05/2028,1176.46,Generated transaction 858,23784510-953c-41bd-9a06-000ded96ee8f
08/05/2028,1177.83,Generated transaction 859,81fa2134-0cff-4ef0-9faa-93f0cc2ced0e
09/05/2028,1179.20,Generated transaction 860,a72fd2e7-36da-4ede-a6b0-2298cab5583c
10/05/2028,1180.57,Generated transaction 861,977d6df0-6faa-4b5b-914c-014ce91ad674
11/05/2028,1181.94,Generated transaction 862,6fe22927-bff1-4510-90a8-57ccac4b0fa9
12/05/2028,1183.31,Generated transaction 863,be08a231-5625-4319-97b9-d666bc559dfc
13/05/2028,1184.68,Generated transaction 864,a9e23b63-5691-416b-b84a-75e74f3af500
14/05/2028,1186.05,Generated transaction 865,a290f487-8911-4650-8487-05e40b680ca4
15/05/2028,1187.42,Generated transaction 866,5f7f8147-11d8-41f4-9072-63bf55c6f1fe
16/05/2028,1188.79,Generated transaction 867,c3b9247b-3a31-4ebf-b1fe-658fd484e5f8
17/05/2028,1190.16,Generated transaction 868,9c3a7928-fa5a-4b01-b5a7-0f9c61192206
18/05/2028,1191.53,Generated transaction 869,6a062081-55ea-43e5-9a0f-cdd93547fc16
19/05/2028,1192.90,Generated transaction 870,06fcb292-e36c-4a12-8c8b-a2702e25055f
20/05/2028,1194.27,Generated transaction 871,e23113c5-ee08-40d6-9a91-70e37c989eb0
21/05/2028,1195.64,Generated transaction 872,2802297f-7f15-44e2-b51e-821dfc451689
22/05/2028,1197.01,Generated transaction 873,773e8b85-1771-43c0-94b5-61317703913a
23/05/2028,1198.38,Generated transaction 874,8cd3f6ea-a9b3-4506-9f09-d913524afb99
24/05/2028,1199.75,Generated transaction 875,1588cd69-c6f3-4976-a1d4-b30703e7de31
25/05/2028,1201.12,Generated transaction 876,5798e794-4e43-4e8a-ad0b-018eea40eb53
26/05/2028,1202.49,Generated transaction 877,3c0906fa-254a-4c68-a1c0-66cd909ee739
27/05/2028,1203.86,Generated transaction 878,7f94c520-32fb-4d19-9150-a3be9e159c00
28/05/2028,1205.23,Generated transaction 879,4f326fc1-375d-4f9f-968c-cba723bfa345
29/05/2028,1206.60,Generated transaction 880,2f2ca1aa-0641-43e7-9657-e60c17ee6c1a
30/05/2028,1207.97,Generated transaction 881,dde3a00e-4d5c-44e8-8b61-ca1c53378966
31/05/2028,1209.34,Generated transaction 882,9ecb5f14-b514-4f1b-8dff-e47df002bb73
01/06/2028,1210.71,Generated transaction 883,0eb227fb-9c97-4bea-b3fa-a42c97c7bd9d
02/06/2028,1212.08,Generated transaction 884,3e3072d4-7af2-4636-ba64-648f3934e2ba
03/06/2028,1213.45,Generated transaction 885,d114f898-dbbc-4b1d-b84d-defc1cabbd24
04/06/2028,1214.82,Generated transaction 886,57f2a87f-fa9e-41f2-bb46-4a31404e92d8
05/06/2028,1216.19,Generated transaction 887,d45b00a4-7310-40bf-9e22-9bf4b861dbe2
06/06/2028,1217.56,Generated transaction 888,7ac2e728-7d31-4fbb-8796-56c88afe2a4c
07/06/2028,1218.93,Generated transaction 889,dcf9c302-12fc-42ba-8ab0-804213a92922
08/06/2028,1220.30,Generated transaction 890,9f531458-6362-428b-93b1-b15d87fbd9a2
09/06/2028,1221.67,Generated transaction 891,0bbbe7f3-30c7-4751-b865-e71596a12cc8
10/06/2028,1223.04,Generated transaction 892,19a4fef6-ccb1-4da2-8b0b-60f4f76b8f90
11/06/2028,1224.41,Generated transaction 893,140e6c05-2fde-4f90-b69f-9d156be9fea1
12/06/2028,1225.78,Generated transaction 894,ee88a3ec-6708-4e9d-9f3f-01eabf4b0bb9
13/06/2028,1227.15,Generated transaction 895,c13c7803-4e25-4457-b1e8-15c2ba8f0d6d
14/06/2028,1228.52,Generated transaction 896,dea8c646-69b0-4381-a94e-e8fcea3922f4
15/06/2028,1229.89,Generated transaction 897,7cf6281a-7546-444b-8ca0-4e55e0fb59ad
16/06/2028,1231.26,Generated transaction 898,0bb13f14-12bd-445f-bd3b-c60e562d8c6d
17/06/2028,1232.63,Generated transaction 899,2e9924d2-38c3-4af0-a7ea-03c474c5e727
18/06/2028,1234.00,Generated transaction 900,11daa0ae-3d06-4d5b-99a6-1f0327fb71b0
19/06/2028,1235.37,Generated transaction 901,6a2a6975-1fe4-41ff-8535-194278510bc8
20/06/2028,1236.74,Generated transaction 902,a62cbd75-83e2-44b8-a690-34a0e132b0de
21/06/2028,1238.11,Generated transaction 903,beb4ba10-ad2e-4aac-b1e4-abc2f7287597
22/06/2028,1239.48,Generated transaction 904,d53b494b-5f3a-4555-a3d0-a9158f736673
23/06/2028,1240.85,Generated transaction 905,6ca5f666-d767-49f2-8661-5e589cb6ba06
24/06/2028,1242.22,Generated transaction 906,75d5c2dc-3585-4c8f-ad73-048ae134aecc
25/06/2028,1243.59,Generated transaction 907,7fbc2114-a2b5-434d-a074-6cd4fbf0ecbd
26/06/2028,1244.96,Generated transaction 908,bb66374c-d9ea-4fee-96f9-c660e46a71d1
27/06/2028,1246.33,Generated transaction 909,3b5fa6c7-4758-4299-8cce-dbb6cefa455c
28/06/2028,1247.70,Generated transaction 910,2123a324-eb0e-4fb0-958c-e688a4171390
29/06/2028,1249.07,Generated transaction 911,ee56a29b-7694-4999-a05f-1f13f4915e37
30/06/2028,1250.44,Generated transaction 912,b41550cc-d7e3-4fca-9cf0-935b49d7ef05
01/07/2028,1251.81,Generated transaction 913,bb374579-a774-48d2-b69f-15cc30946c50
02/07/2028,1253.18,Generated transaction 914,328d75ac-9658-4a76-a016-428cec0d2577
03/07/2028,1254.55,Generated transaction 915,88bfd285-0967-48c6-a0bf-cece822efaf4
04/07/2028,1255.92,Generated transaction 916,7d541296-8f0b-424b-ac61-07beceaa9f57
05/07/2028,1257.29,Generated transaction 917,683e45bc-0276-447c-9373-ff15d161b165
06/07/2028,1258.66,Generated transaction 918,27a69ef8-c5f3-4d75-b05c-5917060daf36
07/07/2028,1260.03,Generated transaction 919,0bd0305a-24f2-4214-a390-c888652f1f8f
08/07/2028,1261.40,Generated transaction 920,a6786b74-2aaf-40eb-be59-cc75ffa931c9
09/07/2028,1262.77,Generated transaction 921,632c9000-f9c4-4843-bed8-69aa2e0f323a
10/07/2028,1264.14,Generated transaction 922,55715c43-aded-49ed-aca1-cd1878834fee
11/07/2028,1265.51,Generated transaction 923,e50732d4-0b86-4dfc-9a9f-eec2424c61f5
12/07/2028,1266.88,Generated transaction 924,affd2df8-27de-4350-95e3-281e274dc2a3
13/07/2028,1268.25,Generated transaction 925,90d6e354-6ed5-43f4-9d08-4d0f18c6304e
14/07/2028,1269.62,Generated transaction 926,133e87bd-61d1-4ae5-925d-2e342e7fe8c8
15/07/2028,1270.99,Generated transaction 927,a3c26bbc-fb72-4f5e-97e2-51f89534e99b
16/07/2028,1272.36,Generated transaction 928,7633bdb4-b02f-4840-ab0b-8a41913cca74
17/07/2028,1273.73,Generated transaction 929,b42a0af9-3f3d-4832-97c6-9ae63d4aa91a
18/07/2028,1275.10,Generated transaction 930,8866d5ee-7244-4dff-9dfd-aadaaf97be2d
19/07/2028,1276.47,Generated transaction 931,d21db1f0-4c1c-4abe-964c-25df1089f797
20/07/2028,1277.84,Generated transaction 932,6d447141-c6ab-4c6f-bbdf-fa06d43337ac
21/07/2028,1279.21,Generated transaction 933,57a3eb9c-2134-4039-b810-0269ded06905
22/07/2028,1280.58,Generated transaction 934,0c90b8dc-e010-4484-8102-f8482e7058f6
23/07/2028,1281.95,Generated transaction 935,141173f5-872e-480a-be06-eb4dd47d0368
24/07/2028,1283.32,Generated transaction 936,1d82fd13-feff-4c34-b298-d5a0e272057c
25/07/2028,1284.69,Generated transaction 937,574787df-5798-4b0e-a253-5f1860a4814d
26/07/2028,1286.06,Generated transaction 938,9bc34e53-0f27-4491-8343-9a057bbb7f9a
27/07/2028,1287.43,Generated transaction 939,97933e69-70c4-4451-aeac-df163a5d9ed7
28/07/2028,1288.80,Generated transaction 940,c688e3a0-ac36-4c77-bfda-6d20dfb7371d
29/07/2028,1290.17,Generated transaction 941,613447bd-c252-4246-8cab-7e19aec50eef
30/07/2028,1291.54,Generated transaction 942,280aea1f-32e9-4bf5-8b4b-079441c4646e
31/07/2028,1292.91,Generated transaction 943,6fe228e1-a506-4e45-b81a-adb646523a4d
01/08/2028,1294.28,Generated transaction 944,16195df5-1855-4369-a0e2-7dde006b84d0
02/08/2028,1295.65,Generated transaction 945,c9950360-8989-483a-a532-0bb0ae450cb5
03/08/2028,1297.02,Generated transaction 946,fb0bcff3-c4a4-48ae-bc63-be49d4a0846b
04/08/2028,1298.39,Generated transaction 947,ff3fb320-893f-44d9-92d7-e22517a33cab
05/08/2028,1299.76,Generated transaction 948,0facf3a0-deac-4cfe-b201-b93f8219f5bc
06/08/2028,1301.13,Generated transaction 949,cda015f6-8ee7-4ac5-8dba-318d04bc1078
07/08/2028,1302.50,Generated transaction 950,215a77cd-0dba-47c3-9b14-beb29c08797a
08/08/2028,1303.87,Generated transaction 951,ce42f231-80a4-4d0d-b568-ebcaec5abecd
09/08/2028,1305.24,Generated transaction 952,73fbdcb9-ab33-44e8-baf9-0566165dff7e
10/08/2028,1306.61,Generated transaction 953,30f68b0b-805f-4518-86b4-d8be17e920c1
11/08/2028,1307.98,Generated transaction 954,e9e3f977-b0cd-4ec4-8d7c-dfda5ba191f5
12/08/2028,1309.35,Generated transaction 955,e0fa53ff-460f-4fe2-9c28-312a8067a9bd
13/08/2028,1310.72,Generated transaction 956,09fa42fc-3ee9-4027-bd00-933c71c0c7f0
14/08/2028,1312.09,Generated transaction 957,554abd09-cfa6-48af-9500-a14c28333317
15/08/2028,1313.46,Generated transaction 958,13323d67-58f9-44a4-80b4-48d1e664ff1c
16/08/2028,1314.83,Generated transaction 959,0ae2962a-b2bf-4520-a20c-d634c1a10a60
17/08/2028,1316.20,Generated transaction 960,eaf6b0d6-dce0-4a38-ad98-d82066bf8979
18/08/2028,1317.57,Generated transaction 961,e131a0e7-03b0-4937-8510-f10bd27bd43a
19/08/2028,1318.94,Generated transaction 962,ed41c638-123f-4466-a571-5af9b7673309
20/08/2028,1320.31,Generated transaction 963,462f2009-3da6-42b4-ac3c-95eef03d4ee7
21/08/2028,1321.68,Generated transaction 964,bda45c52-6bbc-470f-a60a-2a066eba5b74
22/08/2028,1323.05,Generated transaction 965,141b8aaf-1c0d-4138-8ae2-814ced30ed2f
23/08/2028,1324.42,Generated transaction 966,2eef36f9-5b06-4b53-affe-5131e43a556f
24/08/2028,1325.79,Generated transaction 967,1e3b33c8-0b2e-4f68-b6f4-f87571fc9b1e
25/08/2028,1327.16,Generated transaction 968,8cb4fb47-c325-4ffa-9158-1a9a00997684
26/08/2028,1328.53,Generated transaction 969,85d6a09a-0905-4ad7-a3ee-345be2c3f568
27/08/2028,1329.90,Generated transaction 970,251310bb-2118-4f6c-890b-1ac0fd35e722
28/08/2028,1331.27,Generated transaction 971,b2d4c5fd-7aa7-4648-9750-298ce4e99fbc
29/08/2028,1332.64,Generated transaction 972,14b3d2ea-0603-4b43-a82c-1a768350bde3
30/08/2028,1334.01,Generated transaction 973,50448f79-3707-4ddd-8edd-9d765a2a1825
31/08/2028,1335.38,Generated transaction 974,5ec2b6ba-70c8-428b-bce8-5666decb0137
01/09/2028,1336.75,Generated transaction 975,925ee9cc-9d2b-4f2d-a48d-d4afcd759a27
02/09/2028,1338.12,Generated transaction 976,4b6079b3-e8ba-47d5-af86-cde50b991604
03/09/2028,1339.49,Generated transaction 977,cbb541d4-e02e-4523-b523-6d6fda631259
04/09/2028,1340.86,Generated transaction 978,436b6f46-51a6-42c3-879e-320a57312498
05/09/2028,1342.23,Generated transaction 979,acac2dc5-6e6d-4d7c-a3f4-fee7f5d87b3d
06/09/2028,1343.60,Generated transaction 980,9e09e431-bb31-4428-8de3-3fdf3fe15b2b
07/09/2028,1344.97,Generated transaction 981,a2132aeb-c596-4ac1-94df-dfa8d3f9a952
08/09/2028,1346.34,Generated transaction 982,ad665ceb-cf48-4396-8e2e-808cabb96a30
09/09/2028,1347.71,Generated transaction 983,913ea850-f797-4237-ad79-46fe1a872499
10/09/2028,1349.08,Generated transaction 984,c5a4f4ff-cd48-4f11-8e7a-18b50bf4ea13
11/09/2028,1350.45,Generated transaction 985,16e70c0e-d27c-49c5-899c-2277d596443d
12/09/2028,1351.82,Generated transaction 986,34439d97-572a-4c34-afd6-c5963a43e732
13/09/2028,1353.19,Generated transaction 987,05f0c84d-3832-45ae-afee-65026126aae3
14/09/2028,1354.56,Generated transaction 988,e8ef9cd3-05b7-4691-a1e7-eca24c08e5e4
15/09/2028,1355.93,Generated transaction 989,3b96cdc7-19c1-4c6d-8d8b-31c800a49987
16/09/2028,1357.30,Generated transaction 990,90ec14e5-44ba-4b35-8fc8-b69e6877f191
17/09/2028,1358.67,Generated transaction 991,f55498dd-fe15-4306-b4a6-0643744c5a98
18/09/2028,1360.04,Generated transaction 992,d65c1310-04e8-4ca2-9052-79e6a2d09f9d
19/09/2028,1361.41,Generated transaction 993,4ec1445d-6edc-4389-a54c-e7ef2fba7c68
20/09/2028,1362.78,Generated transaction 994,b7b4929b-e04e-4a98-a44d-793f67f0c372
21/09/2028,1364.15,Generated transaction 995,d1c03f8a-3bd8-47c3-9dfc-fcc0a195e0c5
22/09/2028,1365.52,Generated transaction 996,878d3403-1763-4a2b-bebf-755a2e5ecaad
23/09/2028,1366.89,Generated transaction 997,4326acbd-9e90-415d-876c-e7b8d2d77215
24/09/2028,1368.26,Generated transaction 998,5a4971af-22d6-4878-80e3-c2c1e5483cf9
25/09/2028,1369.63,Generated transaction 999,9d00ba3d-e46c-439a-a150-01ee622bb45c
26/09/2028,1371.00,Generated transaction 1000,1e02202b-a770-4826-a7cc-28a0869e56cf
